order_id,date,customer_id,product_id,quantity,unit_price,unit_cost,discount
O00068,2023-04-01,C002,P02,5,2800,1850,0.0
O00145,2023-04-01,C020,P08,5,900,520,0.1
O00900,2023-04-01,C037,P02,2,2800,1850,0.05
O01596,2023-04-01,C029,P08,4,900,520,0.0
O01887,2023-04-01,C001,P08,1,900,520,0.0
O01405,2023-04-02,C039,P06,2,2400,1560,0.0
O01524,2023-04-02,C030,P02,2,2800,1850,0.0
O02829,2023-04-02,C032,P07,1,4200,2900,0.0
O00474,2023-04-03,C015,P05,5,3500,2300,0.0
O00624,2023-04-03,C006,P05,1,3500,2300,0.0
O00868,2023-04-03,C023,P01,6,500,330,0.0
O01016,2023-04-03,C036,P04,6,1600,1040,0.0
O01031,2023-04-03,C037,P01,2,500,330,0.0
O01306,2023-04-03,C006,P02,2,2800,1850,0.0
O01714,2023-04-03,C039,P05,1,3500,2300,0.0
O01756,2023-04-03,C038,P09,4,2200,1430,0.05
O02651,2023-04-03,C014,P09,2,2200,1430,0.0
O02044,2023-04-04,C018,P09,2,2200,1430,0.0
O02874,2023-04-04,C039,P10,6,1800,1080,0.05
O00030,2023-04-05,C013,P06,4,2400,1560,0.05
O00756,2023-04-05,C009,P11,1,4500,3150,0.0
O01810,2023-04-05,C020,P13,2,3200,2080,0.0
O01974,2023-04-05,C012,P09,1,2200,1430,0.0
O02517,2023-04-05,C032,P01,1,500,330,0.0
O00303,2023-04-06,C014,P12,3,8000,5600,0.05
O00946,2023-04-06,C013,P08,1,900,520,0.0
O01877,2023-04-06,C032,P06,1,2400,1560,0.0
O01954,2023-04-06,C038,P09,2,2200,1430,0.0
O02365,2023-04-06,C030,P01,3,500,330,0.0
O02412,2023-04-06,C023,P06,2,2400,1560,0.0
O02444,2023-04-06,C040,P08,1,900,520,0.0
O00453,2023-04-07,C031,P06,5,2400,1560,0.1
O00401,2023-04-08,C007,P06,1,2400,1560,0.0
O01249,2023-04-08,C035,P06,2,2400,1560,0.05
O02191,2023-04-08,C037,P02,2,2800,1850,0.0
O02758,2023-04-08,C003,P01,5,500,330,0.0
O00115,2023-04-09,C009,P03,1,1200,760,0.0
O00673,2023-04-09,C037,P01,5,500,330,0.0
O01511,2023-04-09,C008,P05,5,3500,2300,0.0
O02928,2023-04-09,C026,P05,1,3500,2300,0.1
O00387,2023-04-10,C030,P08,2,900,520,0.0
O01350,2023-04-10,C020,P07,3,4200,2900,0.0
O01310,2023-04-11,C002,P01,1,500,330,0.0
O01445,2023-04-11,C014,P05,3,3500,2300,0.0
O02376,2023-04-11,C011,P01,10,500,330,0.0
O00884,2023-04-12,C029,P08,4,900,520,0.05
O02174,2023-04-12,C023,P01,2,500,330,0.05
O02411,2023-04-12,C018,P06,3,2400,1560,0.0
O02439,2023-04-12,C037,P05,6,3500,2300,0.1
O00031,2023-04-13,C025,P06,4,2400,1560,0.05
O00177,2023-04-13,C027,P07,2,4200,2900,0.1
O00843,2023-04-13,C031,P11,3,4500,3150,0.0
O01652,2023-04-13,C019,P03,2,1200,760,0.05
O00439,2023-04-15,C014,P08,2,900,520,0.0
O00604,2023-04-15,C039,P09,3,2200,1430,0.05
O00943,2023-04-15,C030,P08,3,900,520,0.1
O01471,2023-04-15,C004,P13,3,3200,2080,0.0
O01845,2023-04-15,C023,P03,5,1200,760,0.0
O01981,2023-04-15,C009,P08,4,900,520,0.0
O02354,2023-04-15,C039,P09,3,2200,1430,0.0
O02375,2023-04-15,C008,P01,3,500,330,0.0
O02539,2023-04-15,C001,P13,1,3200,2080,0.0
O02921,2023-04-16,C029,P06,6,2400,1560,0.0
O00227,2023-04-17,C021,P10,2,1800,1080,0.1
O01215,2023-04-17,C009,P05,2,3500,2300,0.0
O01573,2023-04-17,C025,P06,6,2400,1560,0.0
O02495,2023-04-17,C012,P01,6,500,330,0.0
O02524,2023-04-17,C019,P08,3,900,520,0.0
O00444,2023-04-18,C035,P03,4,1200,760,0.0
O01007,2023-04-18,C030,P08,2,900,520,0.0
O01176,2023-04-18,C021,P05,3,3500,2300,0.0
O01983,2023-04-18,C002,P03,4,1200,760,0.0
O00365,2023-04-19,C033,P01,4,500,330,0.0
O01527,2023-04-19,C017,P08,1,900,520,0.0
O02348,2023-04-19,C016,P08,5,900,520,0.0
O00915,2023-04-20,C004,P06,2,2400,1560,0.05
O02402,2023-04-21,C039,P06,4,2400,1560,0.1
O00038,2023-04-22,C034,P04,3,1600,1040,0.0
O01498,2023-04-22,C001,P04,4,1600,1040,0.0
O01830,2023-04-22,C008,P08,3,900,520,0.1
O00096,2023-04-23,C038,P11,3,4500,3150,0.0
O00159,2023-04-23,C020,P05,5,3500,2300,0.0
O00500,2023-04-23,C024,P05,1,3500,2300,0.0
O00781,2023-04-23,C032,P07,3,4200,2900,0.0
O00871,2023-04-23,C001,P01,1,500,330,0.0
O01692,2023-04-23,C020,P06,4,2400,1560,0.05
O02668,2023-04-24,C022,P06,2,2400,1560,0.0
O02924,2023-04-24,C017,P07,6,4200,2900,0.0
O00005,2023-04-26,C006,P08,3,900,520,0.0
O00842,2023-04-26,C034,P01,3,500,330,0.05
O00985,2023-04-26,C015,P07,3,4200,2900,0.0
O01557,2023-04-26,C030,P01,1,500,330,0.0
O02508,2023-04-26,C016,P01,1,500,330,0.05
O02583,2023-04-26,C032,P01,1,500,330,0.0
O00412,2023-04-27,C022,P09,6,2200,1430,0.0
O01344,2023-04-27,C012,P08,6,900,520,0.0
O01672,2023-04-27,C016,P01,1,500,330,0.1
O01873,2023-04-27,C013,P10,3,1800,1080,0.0
O02183,2023-04-27,C006,P01,5,500,330,0.0
O02618,2023-04-27,C025,P13,3,3200,2080,0.05
O00422,2023-04-28,C028,P11,8,4500,3150,0.0
O01146,2023-04-28,C002,P10,8,1800,1080,0.0
O02512,2023-04-28,C005,P01,1,500,330,0.0
O00234,2023-04-29,C022,P09,4,2200,1430,0.0
O00825,2023-04-29,C035,P11,2,4500,3150,0.05
O00960,2023-04-29,C002,P06,2,2400,1560,0.0
O01753,2023-04-29,C013,P07,3,4200,2900,0.0
O00454,2023-04-30,C015,P10,2,1800,1080,0.0
O01302,2023-04-30,C034,P08,3,900,520,0.0
O01340,2023-04-30,C038,P01,1,500,330,0.0
O02519,2023-04-30,C024,P07,2,4200,2900,0.05
O00424,2023-05-01,C004,P08,4,900,520,0.0
O02794,2023-05-01,C016,P08,3,900,520,0.0
O02954,2023-05-01,C020,P10,3,1800,1080,0.0
O01851,2023-05-02,C010,P09,1,2200,1430,0.0
O02972,2023-05-02,C038,P01,8,500,330,0.1
O00348,2023-05-03,C016,P09,8,2200,1430,0.0
O00475,2023-05-03,C032,P04,2,1600,1040,0.0
O00550,2023-05-03,C004,P06,6,2400,1560,0.05
O00800,2023-05-03,C006,P06,2,2400,1560,0.0
O00872,2023-05-03,C023,P03,3,1200,760,0.0
O00047,2023-05-04,C008,P04,6,1600,1040,0.05
O01792,2023-05-04,C033,P10,2,1800,1080,0.0
O00135,2023-05-05,C016,P11,1,4500,3150,0.0
O00908,2023-05-05,C032,P01,6,500,330,0.0
O01285,2023-05-05,C009,P01,6,500,330,0.0
O01439,2023-05-05,C003,P12,1,8000,5600,0.0
O02716,2023-05-05,C012,P08,5,900,520,0.0
O00799,2023-05-06,C022,P04,3,1600,1040,0.05
O01397,2023-05-06,C036,P01,1,500,330,0.05
O01474,2023-05-06,C035,P04,1,1600,1040,0.0
O02890,2023-05-06,C005,P11,4,4500,3150,0.0
O00826,2023-05-07,C008,P01,1,500,330,0.0
O02606,2023-05-07,C007,P01,1,500,330,0.0
O00354,2023-05-08,C038,P01,2,500,330,0.05
O00452,2023-05-08,C037,P10,6,1800,1080,0.0
O02491,2023-05-08,C012,P05,3,3500,2300,0.0
O02923,2023-05-08,C025,P07,3,4200,2900,0.0
O00288,2023-05-09,C009,P06,1,2400,1560,0.0
O00384,2023-05-09,C007,P10,1,1800,1080,0.1
O01076,2023-05-09,C037,P12,2,8000,5600,0.0
O00397,2023-05-10,C013,P12,1,8000,5600,0.05
O00685,2023-05-10,C030,P06,8,2400,1560,0.05
O01829,2023-05-10,C031,P08,3,900,520,0.0
O01986,2023-05-11,C013,P13,1,3200,2080,0.1
O01998,2023-05-11,C025,P11,4,4500,3150,0.0
O00905,2023-05-12,C008,P13,1,3200,2080,0.0
O01080,2023-05-12,C008,P08,2,900,520,0.0
O02373,2023-05-13,C039,P01,4,500,330,0.0
O02666,2023-05-13,C011,P01,1,500,330,0.05
O02712,2023-05-13,C011,P07,2,4200,2900,0.0
O00060,2023-05-14,C010,P05,1,3500,2300,0.0
O00676,2023-05-14,C037,P11,3,4500,3150,0.0
O00691,2023-05-14,C034,P03,2,1200,760,0.1
O01001,2023-05-14,C019,P03,1,1200,760,0.1
O01607,2023-05-14,C014,P01,1,500,330,0.0
O02328,2023-05-14,C037,P07,4,4200,2900,0.0
O00323,2023-05-15,C040,P09,1,2200,1430,0.05
O01209,2023-05-15,C005,P02,1,2800,1850,0.0
O01253,2023-05-15,C004,P01,2,500,330,0.0
O01547,2023-05-15,C005,P10,2,1800,1080,0.05
O02253,2023-05-15,C010,P01,1,500,330,0.0
O02311,2023-05-15,C023,P08,4,900,520,0.05
O02485,2023-05-15,C011,P07,10,4200,2900,0.05
O02488,2023-05-15,C022,P03,1,1200,760,0.0
O01192,2023-05-17,C005,P13,4,3200,2080,0.0
O02570,2023-05-17,C010,P10,6,1800,1080,0.05
O00948,2023-05-18,C038,P04,2,1600,1040,0.0
O01900,2023-05-18,C023,P06,4,2400,1560,0.0
O02300,2023-05-18,C011,P08,8,900,520,0.0
O00226,2023-05-19,C026,P05,10,3500,2300,0.0
O00363,2023-05-19,C027,P13,5,3200,2080,0.0
O01200,2023-05-19,C020,P13,5,3200,2080,0.1
O02557,2023-05-19,C020,P01,2,500,330,0.05
O02642,2023-05-19,C022,P04,3,1600,1040,0.05
O02950,2023-05-19,C015,P04,4,1600,1040,0.05
O00721,2023-05-20,C002,P09,2,2200,1430,0.0
O01304,2023-05-20,C028,P01,2,500,330,0.0
O02534,2023-05-20,C020,P01,2,500,330,0.0
O02820,2023-05-20,C037,P04,10,1600,1040,0.0
O00010,2023-05-21,C016,P13,3,3200,2080,0.05
O00509,2023-05-21,C017,P03,1,1200,760,0.0
O01707,2023-05-21,C018,P03,2,1200,760,0.0
O02114,2023-05-21,C025,P06,1,2400,1560,0.0
O00411,2023-05-22,C013,P05,1,3500,2300,0.0
O00892,2023-05-22,C001,P04,3,1600,1040,0.05
O02173,2023-05-22,C025,P01,4,500,330,0.1
O01740,2023-05-23,C034,P05,3,3500,2300,0.0
O01760,2023-05-23,C007,P04,3,1600,1040,0.05
O02562,2023-05-23,C010,P10,2,1800,1080,0.05
O02738,2023-05-23,C033,P13,1,3200,2080,0.0
O01018,2023-05-24,C012,P08,1,900,520,0.05
O01212,2023-05-24,C020,P07,3,4200,2900,0.0
O01341,2023-05-24,C021,P03,3,1200,760,0.0
O02122,2023-05-24,C019,P05,3,3500,2300,0.0
O01864,2023-05-25,C006,P07,1,4200,2900,0.0
O01928,2023-05-25,C015,P04,6,1600,1040,0.1
O01950,2023-05-25,C028,P06,2,2400,1560,0.05
O02147,2023-05-25,C007,P04,1,1600,1040,0.0
O02817,2023-05-25,C014,P01,2,500,330,0.0
O00044,2023-05-26,C020,P11,2,4500,3150,0.0
O00156,2023-05-26,C028,P05,1,3500,2300,0.0
O00343,2023-05-26,C032,P07,1,4200,2900,0.0
O00486,2023-05-26,C029,P07,4,4200,2900,0.0
O00748,2023-05-26,C006,P11,6,4500,3150,0.05
O02644,2023-05-26,C031,P03,4,1200,760,0.05
O02215,2023-05-27,C007,P08,5,900,520,0.0
O02601,2023-05-27,C020,P03,8,1200,760,0.05
O02704,2023-05-27,C018,P06,1,2400,1560,0.1
O00239,2023-05-28,C036,P10,1,1800,1080,0.05
O00434,2023-05-28,C018,P11,5,4500,3150,0.05
O02693,2023-05-28,C016,P07,3,4200,2900,0.0
O02902,2023-05-28,C011,P07,4,4200,2900,0.05
O00383,2023-05-29,C005,P04,5,1600,1040,0.0
O00859,2023-05-29,C027,P08,2,900,520,0.05
O01131,2023-05-29,C031,P04,8,1600,1040,0.0
O01430,2023-05-29,C036,P03,4,1200,760,0.05
O01695,2023-05-29,C003,P03,3,1200,760,0.0
O02221,2023-05-29,C040,P13,1,3200,2080,0.0
O02737,2023-05-29,C031,P01,2,500,330,0.1
O02740,2023-05-29,C034,P08,1,900,520,0.0
O02889,2023-05-29,C031,P13,5,3200,2080,0.0
O02930,2023-05-29,C028,P04,1,1600,1040,0.05
O00126,2023-05-30,C033,P09,5,2200,1430,0.0
O00537,2023-05-30,C025,P08,5,900,520,0.0
O02321,2023-05-30,C019,P05,2,3500,2300,0.0
O02492,2023-05-30,C005,P08,3,900,520,0.0
O02580,2023-05-30,C003,P01,2,500,330,0.0
O00050,2023-05-31,C029,P04,1,1600,1040,0.0
O00121,2023-05-31,C005,P02,4,2800,1850,0.0
O00456,2023-05-31,C023,P08,1,900,520,0.05
O00496,2023-05-31,C021,P08,3,900,520,0.0
O00759,2023-05-31,C004,P08,1,900,520,0.0
O01228,2023-05-31,C026,P03,2,1200,760,0.0
O01419,2023-05-31,C020,P09,6,2200,1430,0.0
O02418,2023-05-31,C014,P11,3,4500,3150,0.05
O00543,2023-06-01,C016,P03,5,1200,760,0.0
O01407,2023-06-01,C018,P01,5,500,330,0.05
O00986,2023-06-02,C017,P03,1,1200,760,0.0
O01446,2023-06-02,C020,P04,4,1600,1040,0.1
O01876,2023-06-02,C028,P06,3,2400,1560,0.0
O02129,2023-06-02,C003,P03,1,1200,760,0.0
O02650,2023-06-03,C010,P09,2,2200,1430,0.0
O00304,2023-06-04,C018,P13,1,3200,2080,0.05
O02177,2023-06-04,C036,P04,1,1600,1040,0.0
O02274,2023-06-04,C030,P07,5,4200,2900,0.0
O02903,2023-06-04,C027,P12,5,8000,5600,0.0
O00962,2023-06-05,C029,P03,6,1200,760,0.0
O01104,2023-06-05,C010,P06,2,2400,1560,0.05
O01421,2023-06-05,C009,P06,5,2400,1560,0.05
O02610,2023-06-05,C014,P08,1,900,520,0.1
O01359,2023-06-06,C034,P06,6,2400,1560,0.0
O02275,2023-06-06,C039,P01,10,500,330,0.0
O02325,2023-06-06,C010,P01,8,500,330,0.0
O00101,2023-06-07,C022,P12,1,8000,5600,0.0
O01633,2023-06-07,C011,P11,4,4500,3150,0.0
O01713,2023-06-07,C024,P03,2,1200,760,0.0
O00964,2023-06-08,C027,P08,5,900,520,0.0
O01820,2023-06-08,C016,P06,1,2400,1560,0.0
O00329,2023-06-09,C018,P11,2,4500,3150,0.1
O00409,2023-06-09,C008,P01,10,500,330,0.05
O00508,2023-06-09,C009,P04,1,1600,1040,0.0
O00857,2023-06-09,C034,P06,2,2400,1560,0.0
O01791,2023-06-09,C001,P04,1,1600,1040,0.0
O01987,2023-06-09,C025,P01,2,500,330,0.0
O02319,2023-06-09,C034,P03,1,1200,760,0.0
O02572,2023-06-09,C030,P03,2,1200,760,0.0
O02850,2023-06-09,C012,P05,3,3500,2300,0.0
O00965,2023-06-10,C004,P01,2,500,330,0.05
O01838,2023-06-10,C036,P04,8,1600,1040,0.0
O01992,2023-06-10,C032,P07,3,4200,2900,0.05
O02175,2023-06-10,C026,P02,8,2800,1850,0.0
O02235,2023-06-10,C032,P08,2,900,520,0.0
O02949,2023-06-10,C018,P11,6,4500,3150,0.0
O00579,2023-06-11,C030,P04,2,1600,1040,0.05
O01178,2023-06-11,C011,P10,2,1800,1080,0.0
O02582,2023-06-11,C014,P08,3,900,520,0.0
O02735,2023-06-11,C022,P08,3,900,520,0.05
O02778,2023-06-11,C029,P05,1,3500,2300,0.0
O00615,2023-06-12,C023,P08,10,900,520,0.0
O01035,2023-06-12,C028,P03,10,1200,760,0.0
O01226,2023-06-12,C012,P05,8,3500,2300,0.0
O01232,2023-06-12,C012,P04,1,1600,1040,0.05
O02072,2023-06-12,C026,P04,1,1600,1040,0.0
O02529,2023-06-12,C025,P10,2,1800,1080,0.0
O02605,2023-06-12,C029,P13,2,3200,2080,0.0
O01028,2023-06-13,C016,P11,3,4500,3150,0.0
O01492,2023-06-13,C040,P08,8,900,520,0.0
O02667,2023-06-13,C017,P06,3,2400,1560,0.0
O00028,2023-06-14,C011,P05,5,3500,2300,0.0
O00443,2023-06-14,C029,P11,2,4500,3150,0.1
O00538,2023-06-14,C020,P11,1,4500,3150,0.0
O01472,2023-06-14,C028,P05,1,3500,2300,0.0
O02634,2023-06-14,C023,P01,5,500,330,0.0
O00449,2023-06-15,C016,P03,2,1200,760,0.0
O00520,2023-06-15,C032,P05,5,3500,2300,0.0
O01384,2023-06-15,C011,P03,4,1200,760,0.05
O01626,2023-06-15,C039,P03,1,1200,760,0.05
O02095,2023-06-15,C017,P11,2,4500,3150,0.05
O02408,2023-06-15,C039,P05,3,3500,2300,0.0
O00264,2023-06-16,C017,P10,10,1800,1080,0.0
O02985,2023-06-16,C009,P01,2,500,330,0.05
O00855,2023-06-17,C040,P11,2,4500,3150,0.0
O02187,2023-06-17,C017,P13,1,3200,2080,0.0
O02390,2023-06-17,C034,P06,2,2400,1560,0.0
O00109,2023-06-18,C002,P05,3,3500,2300,0.0
O00382,2023-06-18,C037,P04,8,1600,1040,0.0
O00577,2023-06-18,C038,P06,1,2400,1560,0.0
O00906,2023-06-18,C035,P08,6,900,520,0.0
O01187,2023-06-18,C002,P04,2,1600,1040,0.1
O01463,2023-06-18,C029,P13,6,3200,2080,0.1
O02768,2023-06-18,C023,P01,3,500,330,0.1
O00158,2023-06-19,C010,P04,2,1600,1040,0.0
O00518,2023-06-19,C040,P06,1,2400,1560,0.0
O01967,2023-06-19,C013,P03,1,1200,760,0.0
O00160,2023-06-20,C024,P01,3,500,330,0.1
O00255,2023-06-20,C034,P03,5,1200,760,0.0
O00418,2023-06-20,C040,P01,2,500,330,0.0
O01648,2023-06-20,C005,P11,1,4500,3150,0.0
O01975,2023-06-20,C021,P02,3,2800,1850,0.05
O00357,2023-06-21,C017,P08,1,900,520,0.0
O01662,2023-06-21,C015,P03,4,1200,760,0.05
O01696,2023-06-21,C030,P12,3,8000,5600,0.05
O02073,2023-06-21,C036,P07,4,4200,2900,0.0
O00606,2023-06-22,C011,P01,8,500,330,0.0
O00920,2023-06-22,C014,P01,1,500,330,0.05
O01957,2023-06-22,C024,P13,3,3200,2080,0.0
O02857,2023-06-22,C036,P05,2,3500,2300,0.0
O00048,2023-06-23,C024,P12,1,8000,5600,0.0
O00569,2023-06-23,C022,P08,3,900,520,0.0
O00702,2023-06-23,C040,P03,4,1200,760,0.0
O01258,2023-06-23,C005,P02,1,2800,1850,0.05
O01612,2023-06-23,C022,P05,5,3500,2300,0.0
O02350,2023-06-23,C028,P06,2,2400,1560,0.0
O02407,2023-06-23,C038,P08,1,900,520,0.1
O00848,2023-06-24,C012,P03,1,1200,760,0.0
O01070,2023-06-24,C033,P08,5,900,520,0.0
O01115,2023-06-24,C030,P04,8,1600,1040,0.0
O02052,2023-06-24,C002,P01,1,500,330,0.05
O02447,2023-06-24,C009,P10,2,1800,1080,0.0
O00339,2023-06-25,C034,P01,1,500,330,0.0
O01183,2023-06-25,C034,P11,4,4500,3150,0.0
O01196,2023-06-25,C037,P02,10,2800,1850,0.0
O02886,2023-06-25,C019,P04,2,1600,1040,0.05
O02305,2023-06-26,C005,P08,3,900,520,0.0
O00645,2023-06-27,C018,P08,4,900,520,0.1
O00696,2023-06-27,C021,P04,2,1600,1040,0.0
O02226,2023-06-27,C032,P07,1,4200,2900,0.0
O02419,2023-06-27,C032,P03,4,1200,760,0.0
O02969,2023-06-27,C009,P13,4,3200,2080,0.05
O00013,2023-06-28,C011,P05,1,3500,2300,0.0
O00665,2023-06-28,C020,P10,1,1800,1080,0.0
O00739,2023-06-28,C016,P08,6,900,520,0.0
O01083,2023-06-28,C026,P08,4,900,520,0.0
O01124,2023-06-28,C010,P04,1,1600,1040,0.05
O01260,2023-06-28,C035,P03,1,1200,760,0.0
O02104,2023-06-28,C029,P09,3,2200,1430,0.0
O02992,2023-06-28,C023,P01,2,500,330,0.0
O00878,2023-06-29,C007,P01,1,500,330,0.1
O02420,2023-06-29,C011,P01,3,500,330,0.0
O02594,2023-06-29,C028,P13,2,3200,2080,0.0
O00983,2023-06-30,C019,P03,1,1200,760,0.05
O01599,2023-06-30,C036,P09,1,2200,1430,0.05
O01649,2023-06-30,C009,P03,1,1200,760,0.0
O02248,2023-06-30,C036,P02,1,2800,1850,0.1
O02510,2023-06-30,C013,P04,2,1600,1040,0.05
O00679,2023-07-01,C015,P08,2,900,520,0.05
O00769,2023-07-01,C022,P13,3,3200,2080,0.0
O00925,2023-07-01,C003,P01,2,500,330,0.0
O00973,2023-07-01,C038,P09,2,2200,1430,0.1
O01019,2023-07-01,C001,P08,1,900,520,0.0
O02449,2023-07-01,C040,P08,2,900,520,0.0
O00979,2023-07-02,C002,P05,1,3500,2300,0.1
O01436,2023-07-02,C029,P04,3,1600,1040,0.0
O02783,2023-07-02,C022,P04,3,1600,1040,0.1
O00181,2023-07-03,C034,P02,3,2800,1850,0.0
O02787,2023-07-03,C008,P10,8,1800,1080,0.0
O00191,2023-07-04,C007,P02,5,2800,1850,0.0
O00715,2023-07-04,C032,P08,1,900,520,0.0
O01568,2023-07-04,C032,P07,4,4200,2900,0.0
O00276,2023-07-05,C004,P03,5,1200,760,0.0
O01941,2023-07-05,C005,P01,1,500,330,0.0
O02069,2023-07-05,C040,P05,2,3500,2300,0.0
O02314,2023-07-05,C002,P01,6,500,330,0.05
O01752,2023-07-06,C018,P01,2,500,330,0.0
O01879,2023-07-06,C024,P05,1,3500,2300,0.0
O01909,2023-07-06,C024,P01,4,500,330,0.0
O02255,2023-07-06,C035,P01,8,500,330,0.05
O02258,2023-07-06,C028,P09,1,2200,1430,0.0
O02299,2023-07-06,C018,P02,2,2800,1850,0.0
O02617,2023-07-06,C037,P01,1,500,330,0.1
O00113,2023-07-07,C023,P08,2,900,520,0.0
O00722,2023-07-07,C031,P11,2,4500,3150,0.0
O01730,2023-07-07,C018,P06,2,2400,1560,0.1
O02208,2023-07-07,C011,P09,3,2200,1430,0.0
O02629,2023-07-07,C037,P01,1,500,330,0.05
O02056,2023-07-08,C008,P03,4,1200,760,0.05
O02689,2023-07-08,C018,P07,1,4200,2900,0.0
O01460,2023-07-09,C040,P06,1,2400,1560,0.0
O01866,2023-07-09,C014,P05,1,3500,2300,0.0
O02835,2023-07-09,C014,P01,1,500,330,0.0
O02979,2023-07-09,C033,P07,6,4200,2900,0.0
O02018,2023-07-10,C008,P08,3,900,520,0.05
O00899,2023-07-11,C022,P05,1,3500,2300,0.05
O02070,2023-07-11,C037,P08,2,900,520,0.0
O00583,2023-07-12,C014,P08,10,900,520,0.0
O01123,2023-07-12,C006,P01,2,500,330,0.0
O02391,2023-07-12,C029,P06,1,2400,1560,0.0
O02046,2023-07-13,C024,P02,6,2800,1850,0.0
O02660,2023-07-13,C026,P03,5,1200,760,0.0
O02952,2023-07-13,C031,P01,5,500,330,0.0
O02990,2023-07-13,C016,P09,10,2200,1430,0.05
O01423,2023-07-14,C015,P01,5,500,330,0.0
O01676,2023-07-14,C021,P10,1,1800,1080,0.05
O00034,2023-07-15,C038,P01,3,500,330,0.0
O00927,2023-07-15,C018,P10,1,1800,1080,0.1
O02277,2023-07-15,C018,P01,5,500,330,0.0
O02564,2023-07-15,C015,P06,3,2400,1560,0.0
O00225,2023-07-17,C025,P06,1,2400,1560,0.0
O01296,2023-07-17,C006,P07,2,4200,2900,0.05
O02279,2023-07-17,C034,P05,1,3500,2300,0.05
O02938,2023-07-17,C023,P08,5,900,520,0.0
O00043,2023-07-18,C015,P01,4,500,330,0.0
O00430,2023-07-18,C038,P03,1,1200,760,0.0
O01037,2023-07-18,C025,P06,3,2400,1560,0.0
O02254,2023-07-18,C007,P11,1,4500,3150,0.0
O02462,2023-07-18,C021,P06,1,2400,1560,0.0
O00747,2023-07-19,C007,P06,10,2400,1560,0.0
O01163,2023-07-19,C015,P09,2,2200,1430,0.0
O01606,2023-07-19,C018,P03,1,1200,760,0.0
O01688,2023-07-19,C038,P02,3,2800,1850,0.05
O02048,2023-07-19,C021,P12,5,8000,5600,0.0
O02608,2023-07-19,C007,P05,3,3500,2300,0.0
O00385,2023-07-20,C012,P08,1,900,520,0.0
O00445,2023-07-20,C023,P10,2,1800,1080,0.0
O02558,2023-07-20,C015,P08,2,900,520,0.0
O02671,2023-07-20,C026,P01,1,500,330,0.0
O02677,2023-07-20,C035,P06,5,2400,1560,0.0
O00006,2023-07-21,C009,P09,4,2200,1430,0.0
O00838,2023-07-21,C018,P13,3,3200,2080,0.1
O01914,2023-07-21,C012,P11,3,4500,3150,0.0
O00917,2023-07-22,C021,P08,3,900,520,0.0
O01444,2023-07-22,C007,P01,5,500,330,0.0
O00610,2023-07-23,C022,P13,2,3200,2080,0.0
O02123,2023-07-23,C013,P01,10,500,330,0.0
O00728,2023-07-24,C005,P07,2,4200,2900,0.0
O01015,2023-07-24,C038,P09,3,2200,1430,0.0
O01388,2023-07-24,C033,P13,10,3200,2080,0.0
O01478,2023-07-24,C021,P03,1,1200,760,0.0
O01553,2023-07-24,C019,P03,3,1200,760,0.0
O02295,2023-07-24,C034,P13,1,3200,2080,0.0
O00887,2023-07-25,C003,P05,6,3500,2300,0.0
O00918,2023-07-25,C012,P08,2,900,520,0.0
O00969,2023-07-25,C023,P01,4,500,330,0.1
O01841,2023-07-25,C015,P13,1,3200,2080,0.1
O02068,2023-07-25,C006,P06,3,2400,1560,0.0
O02722,2023-07-25,C023,P05,5,3500,2300,0.1
O02727,2023-07-25,C022,P10,1,1800,1080,0.0
O00063,2023-07-26,C017,P12,8,8000,5600,0.1
O00186,2023-07-26,C005,P01,1,500,330,0.0
O00419,2023-07-26,C027,P09,4,2200,1430,0.0
O01154,2023-07-26,C010,P10,2,1800,1080,0.0
O01301,2023-07-26,C009,P02,1,2800,1850,0.0
O02021,2023-07-26,C007,P13,2,3200,2080,0.0
O02353,2023-07-26,C013,P05,8,3500,2300,0.0
O01317,2023-07-27,C015,P05,6,3500,2300,0.0
O01408,2023-07-27,C011,P03,1,1200,760,0.0
O02379,2023-07-27,C012,P06,2,2400,1560,0.0
O00542,2023-07-28,C032,P10,2,1800,1080,0.0
O00994,2023-07-28,C002,P05,3,3500,2300,0.0
O01608,2023-07-28,C015,P13,3,3200,2080,0.0
O01719,2023-07-28,C028,P02,2,2800,1850,0.0
O01761,2023-07-28,C031,P02,6,2800,1850,0.0
O00499,2023-07-29,C038,P08,1,900,520,0.05
O01541,2023-07-29,C038,P10,6,1800,1080,0.0
O02153,2023-07-29,C005,P04,5,1600,1040,0.0
O02844,2023-07-29,C009,P04,1,1600,1040,0.0
O00127,2023-07-30,C004,P08,2,900,520,0.1
O00601,2023-07-30,C010,P04,1,1600,1040,0.0
O01050,2023-07-30,C005,P11,6,4500,3150,0.1
O02218,2023-07-30,C039,P01,4,500,330,0.0
O02415,2023-07-30,C004,P12,1,8000,5600,0.0
O00347,2023-07-31,C019,P13,6,3200,2080,0.0
O00516,2023-07-31,C032,P06,1,2400,1560,0.0
O00608,2023-07-31,C005,P04,4,1600,1040,0.0
O00844,2023-07-31,C017,P03,5,1200,760,0.0
O01835,2023-07-31,C017,P03,1,1200,760,0.0
O00022,2023-08-01,C026,P02,2,2800,1850,0.0
O02344,2023-08-01,C006,P08,2,900,520,0.0
O02500,2023-08-01,C034,P01,6,500,330,0.1
O02795,2023-08-01,C001,P11,1,4500,3150,0.1
O00589,2023-08-02,C004,P06,2,2400,1560,0.05
O01785,2023-08-02,C006,P08,1,900,520,0.0
O00938,2023-08-03,C024,P03,1,1200,760,0.0
O02203,2023-08-03,C015,P07,5,4200,2900,0.0
O00367,2023-08-04,C022,P04,1,1600,1040,0.0
O02119,2023-08-04,C015,P10,4,1800,1080,0.0
O00182,2023-08-05,C032,P03,2,1200,760,0.0
O00590,2023-08-05,C007,P06,1,2400,1560,0.0
O00856,2023-08-05,C026,P02,1,2800,1850,0.0
O01840,2023-08-05,C025,P01,1,500,330,0.0
O02854,2023-08-05,C034,P05,3,3500,2300,0.0
O00071,2023-08-06,C040,P10,1,1800,1080,0.0
O00503,2023-08-06,C014,P09,2,2200,1430,0.0
O02020,2023-08-06,C009,P01,3,500,330,0.0
O02432,2023-08-06,C040,P02,1,2800,1850,0.0
O02645,2023-08-06,C035,P03,2,1200,760,0.0
O01142,2023-08-07,C036,P08,5,900,520,0.05
O01217,2023-08-07,C025,P13,3,3200,2080,0.05
O01624,2023-08-07,C032,P04,1,1600,1040,0.0
O02541,2023-08-07,C038,P03,2,1200,760,0.0
O02860,2023-08-08,C024,P09,3,2200,1430,0.05
O00481,2023-08-09,C009,P13,1,3200,2080,0.0
O01246,2023-08-09,C023,P06,1,2400,1560,0.05
O01370,2023-08-09,C025,P04,3,1600,1040,0.0
O02507,2023-08-09,C008,P08,2,900,520,0.0
O02948,2023-08-09,C007,P03,2,1200,760,0.0
O00609,2023-08-10,C009,P06,4,2400,1560,0.0
O01259,2023-08-10,C007,P01,6,500,330,0.05
O02388,2023-08-10,C037,P06,6,2400,1560,0.1
O01299,2023-08-11,C025,P12,5,8000,5600,0.0
O01505,2023-08-11,C004,P09,3,2200,1430,0.05
O02196,2023-08-11,C019,P03,3,1200,760,0.0
O02244,2023-08-11,C024,P01,2,500,330,0.05
O01572,2023-08-12,C023,P08,3,900,520,0.0
O00372,2023-08-13,C015,P11,4,4500,3150,0.1
O01530,2023-08-13,C027,P06,1,2400,1560,0.0
O02229,2023-08-13,C018,P13,1,3200,2080,0.0
O00545,2023-08-14,C019,P01,2,500,330,0.05
O01240,2023-08-14,C018,P09,2,2200,1430,0.05
O01360,2023-08-14,C025,P13,4,3200,2080,0.0
O01609,2023-08-14,C017,P13,5,3200,2080,0.0
O00185,2023-08-15,C019,P03,5,1200,760,0.0
O00310,2023-08-15,C005,P08,1,900,520,0.0
O01715,2023-08-15,C017,P01,2,500,330,0.1
O02967,2023-08-15,C036,P10,2,1800,1080,0.05
O00100,2023-08-16,C037,P09,2,2200,1430,0.0
O00124,2023-08-16,C032,P01,1,500,330,0.0
O01924,2023-08-16,C038,P03,2,1200,760,0.0
O01991,2023-08-16,C027,P06,2,2400,1560,0.05
O00152,2023-08-17,C015,P01,2,500,330,0.1
O00211,2023-08-17,C037,P06,4,2400,1560,0.0
O02120,2023-08-17,C022,P10,2,1800,1080,0.05
O02240,2023-08-17,C012,P06,1,2400,1560,0.0
O02086,2023-08-19,C020,P10,2,1800,1080,0.0
O00806,2023-08-20,C034,P02,5,2800,1850,0.0
O00521,2023-08-21,C006,P01,2,500,330,0.05
O01098,2023-08-21,C008,P10,2,1800,1080,0.0
O01365,2023-08-21,C036,P08,1,900,520,0.0
O02961,2023-08-21,C033,P03,3,1200,760,0.0
O00639,2023-08-22,C017,P04,3,1600,1040,0.0
O00897,2023-08-22,C016,P05,6,3500,2300,0.0
O01517,2023-08-22,C008,P06,6,2400,1560,0.0
O02669,2023-08-22,C032,P01,8,500,330,0.0
O01613,2023-08-23,C015,P11,5,4500,3150,0.0
O00623,2023-08-24,C018,P08,1,900,520,0.0
O00632,2023-08-24,C005,P09,1,2200,1430,0.0
O01047,2023-08-24,C015,P03,2,1200,760,0.0
O01823,2023-08-24,C023,P01,1,500,330,0.05
O02858,2023-08-24,C003,P08,3,900,520,0.0
O00392,2023-08-25,C020,P06,1,2400,1560,0.0
O01090,2023-08-25,C024,P09,1,2200,1430,0.0
O01871,2023-08-25,C029,P03,2,1200,760,0.0
O01943,2023-08-25,C033,P04,2,1600,1040,0.0
O02577,2023-08-25,C025,P05,5,3500,2300,0.05
O00988,2023-08-26,C019,P03,3,1200,760,0.0
O01375,2023-08-26,C014,P11,2,4500,3150,0.0
O02063,2023-08-26,C031,P08,2,900,520,0.0
O02160,2023-08-26,C019,P03,1,1200,760,0.0
O00455,2023-08-27,C020,P01,3,500,330,0.0
O00914,2023-08-27,C026,P01,2,500,330,0.0
O00971,2023-08-27,C010,P04,3,1600,1040,0.0
O01159,2023-08-27,C036,P04,3,1600,1040,0.0
O02169,2023-08-27,C035,P08,1,900,520,0.0
O00175,2023-08-28,C021,P05,1,3500,2300,0.05
O01489,2023-08-28,C038,P11,1,4500,3150,0.0
O01738,2023-08-28,C030,P09,2,2200,1430,0.05
O02766,2023-08-28,C011,P03,2,1200,760,0.0
O00306,2023-08-30,C005,P11,5,4500,3150,0.0
O02567,2023-08-30,C040,P09,1,2200,1430,0.0
O02597,2023-08-30,C016,P01,2,500,330,0.1
O02996,2023-08-30,C035,P02,8,2800,1850,0.0
O00153,2023-08-31,C036,P08,8,900,520,0.0
O00656,2023-08-31,C040,P08,2,900,520,0.0
O00762,2023-08-31,C009,P01,1,500,330,0.0
O01493,2023-08-31,C001,P13,3,3200,2080,0.0
O01533,2023-08-31,C035,P11,10,4500,3150,0.0
O01683,2023-08-31,C023,P10,4,1800,1080,0.0
O02897,2023-08-31,C015,P12,2,8000,5600,0.05
O00150,2023-09-01,C011,P01,1,500,330,0.05
O01288,2023-09-01,C020,P08,10,900,520,0.05
O02801,2023-09-01,C009,P04,5,1600,1040,0.05
O01320,2023-09-02,C032,P10,1,1800,1080,0.05
O02291,2023-09-02,C015,P13,2,3200,2080,0.0
O02468,2023-09-03,C013,P06,2,2400,1560,0.0
O02535,2023-09-03,C033,P08,1,900,520,0.0
O02879,2023-09-03,C020,P01,2,500,330,0.0
O00078,2023-09-04,C027,P09,2,2200,1430,0.1
O00575,2023-09-04,C001,P09,1,2200,1430,0.1
O01060,2023-09-04,C033,P04,2,1600,1040,0.0
O01551,2023-09-04,C024,P01,3,500,330,0.0
O02266,2023-09-04,C020,P08,2,900,520,0.05
O00194,2023-09-05,C021,P08,1,900,520,0.05
O00361,2023-09-05,C033,P08,4,900,520,0.0
O00021,2023-09-07,C029,P05,1,3500,2300,0.0
O00205,2023-09-07,C020,P02,2,2800,1850,0.1
O00738,2023-09-07,C002,P03,4,1200,760,0.0
O01660,2023-09-07,C003,P06,3,2400,1560,0.0
O01769,2023-09-07,C012,P07,1,4200,2900,0.1
O00147,2023-09-08,C011,P03,1,1200,760,0.0
O00889,2023-09-08,C014,P07,8,4200,2900,0.0
O00954,2023-09-08,C030,P12,1,8000,5600,0.0
O01641,2023-09-08,C035,P05,5,3500,2300,0.0
O02566,2023-09-08,C028,P06,2,2400,1560,0.0
O00106,2023-09-09,C001,P05,1,3500,2300,0.1
O00637,2023-09-09,C003,P11,1,4500,3150,0.0
O00057,2023-09-10,C020,P03,2,1200,760,0.0
O00346,2023-09-10,C025,P02,1,2800,1850,0.0
O00350,2023-09-10,C002,P03,1,1200,760,0.0
O01379,2023-09-10,C013,P01,1,500,330,0.05
O01422,2023-09-10,C030,P01,2,500,330,0.0
O01850,2023-09-10,C018,P04,4,1600,1040,0.0
O01079,2023-09-11,C022,P01,2,500,330,0.0
O02178,2023-09-11,C030,P05,2,3500,2300,0.0
O02451,2023-09-11,C002,P13,10,3200,2080,0.05
O02493,2023-09-11,C023,P10,1,1800,1080,0.05
O00208,2023-09-12,C019,P08,3,900,520,0.0
O00235,2023-09-12,C018,P05,2,3500,2300,0.05
O02051,2023-09-12,C013,P08,1,900,520,0.0
O02060,2023-09-12,C035,P04,1,1600,1040,0.0
O00316,2023-09-13,C025,P08,3,900,520,0.0
O00754,2023-09-13,C031,P04,2,1600,1040,0.1
O02055,2023-09-13,C032,P01,2,500,330,0.0
O00594,2023-09-14,C001,P08,4,900,520,0.0
O01229,2023-09-15,C008,P02,4,2800,1850,0.0
O01618,2023-09-15,C032,P01,4,500,330,0.05
O02487,2023-09-15,C002,P11,2,4500,3150,0.05
O00214,2023-09-16,C013,P03,1,1200,760,0.05
O00266,2023-09-16,C031,P03,3,1200,760,0.0
O00406,2023-09-16,C005,P08,1,900,520,0.0
O00752,2023-09-16,C008,P03,3,1200,760,0.0
O00864,2023-09-16,C016,P06,5,2400,1560,0.0
O01169,2023-09-16,C034,P07,1,4200,2900,0.0
O02156,2023-09-16,C019,P13,10,3200,2080,0.05
O02318,2023-09-16,C031,P11,5,4500,3150,0.05
O00581,2023-09-17,C033,P07,2,4200,2900,0.0
O01538,2023-09-17,C017,P03,2,1200,760,0.0
O02658,2023-09-17,C024,P05,5,3500,2300,0.05
O02937,2023-09-17,C011,P04,2,1600,1040,0.0
O00415,2023-09-18,C026,P06,2,2400,1560,0.0
O00611,2023-09-18,C032,P09,1,2200,1430,0.05
O01106,2023-09-18,C010,P03,1,1200,760,0.05
O01160,2023-09-18,C029,P09,3,2200,1430,0.05
O01486,2023-09-18,C003,P01,4,500,330,0.0
O01634,2023-09-18,C035,P06,1,2400,1560,0.0
O02310,2023-09-18,C007,P01,4,500,330,0.0
O02833,2023-09-18,C035,P06,3,2400,1560,0.0
O00894,2023-09-19,C031,P10,3,1800,1080,0.0
O02315,2023-09-19,C030,P01,4,500,330,0.1
O02356,2023-09-19,C022,P11,3,4500,3150,0.0
O00907,2023-09-20,C037,P09,1,2200,1430,0.0
O01531,2023-09-20,C025,P06,4,2400,1560,0.0
O01637,2023-09-20,C036,P01,4,500,330,0.05
O02283,2023-09-20,C014,P04,1,1600,1040,0.0
O00622,2023-09-22,C012,P12,8,8000,5600,0.0
O01458,2023-09-22,C039,P09,5,2200,1430,0.0
O01518,2023-09-22,C034,P08,1,900,520,0.0
O00037,2023-09-23,C022,P01,5,500,330,0.05
O01393,2023-09-23,C026,P01,3,500,330,0.05
O02312,2023-09-23,C030,P06,3,2400,1560,0.0
O02856,2023-09-23,C037,P11,3,4500,3150,0.05
O00524,2023-09-24,C015,P01,2,500,330,0.0
O02008,2023-09-24,C009,P06,1,2400,1560,0.0
O00032,2023-09-25,C039,P09,5,2200,1430,0.0
O00874,2023-09-25,C012,P05,1,3500,2300,0.0
O02935,2023-09-25,C025,P05,1,3500,2300,0.0
O01896,2023-09-26,C025,P09,4,2200,1430,0.0
O01319,2023-09-27,C006,P05,1,3500,2300,0.05
O02385,2023-09-27,C024,P08,5,900,520,0.05
O00661,2023-09-28,C028,P06,3,2400,1560,0.0
O01315,2023-09-28,C009,P01,1,500,330,0.0
O01587,2023-09-28,C002,P01,3,500,330,0.0
O02098,2023-09-28,C038,P04,2,1600,1040,0.0
O02639,2023-09-28,C039,P01,1,500,330,0.05
O00709,2023-09-29,C022,P08,3,900,520,0.0
O01091,2023-09-29,C021,P01,2,500,330,0.0
O01728,2023-09-29,C003,P08,3,900,520,0.0
O01989,2023-09-29,C035,P05,1,3500,2300,0.0
O02157,2023-09-29,C038,P09,2,2200,1430,0.05
O02220,2023-09-29,C012,P08,6,900,520,0.0
O00880,2023-09-30,C029,P08,4,900,520,0.1
O01044,2023-09-30,C029,P09,8,2200,1430,0.0
O01093,2023-09-30,C006,P12,5,8000,5600,0.0
O01509,2023-09-30,C021,P01,3,500,330,0.0
O02346,2023-09-30,C027,P06,5,2400,1560,0.1
O00393,2023-10-01,C022,P12,2,8000,5600,0.0
O01000,2023-10-01,C011,P02,8,2800,1850,0.0
O01325,2023-10-01,C005,P03,1,1200,760,0.0
O01782,2023-10-01,C023,P05,1,3500,2300,0.0
O02659,2023-10-01,C013,P06,3,2400,1560,0.1
O00654,2023-10-02,C005,P01,2,500,330,0.0
O00981,2023-10-02,C027,P08,3,900,520,0.1
O00982,2023-10-02,C018,P10,2,1800,1080,0.05
O01284,2023-10-02,C009,P01,4,500,330,0.0
O01947,2023-10-02,C024,P08,2,900,520,0.05
O02025,2023-10-02,C031,P03,3,1200,760,0.0
O02039,2023-10-02,C024,P03,2,1200,760,0.05
O02192,2023-10-02,C039,P05,1,3500,2300,0.0
O00007,2023-10-03,C001,P12,5,8000,5600,0.0
O00327,2023-10-03,C013,P04,2,1600,1040,0.0
O00955,2023-10-03,C017,P07,1,4200,2900,0.1
O00972,2023-10-03,C026,P02,1,2800,1850,0.05
O01220,2023-10-03,C012,P09,2,2200,1430,0.0
O01930,2023-10-03,C040,P08,3,900,520,0.0
O02334,2023-10-03,C007,P12,8,8000,5600,0.0
O02550,2023-10-03,C030,P02,2,2800,1850,0.0
O02769,2023-10-03,C028,P10,1,1800,1080,0.0
O00600,2023-10-04,C031,P01,8,500,330,0.0
O00763,2023-10-04,C007,P07,5,4200,2900,0.05
O02210,2023-10-04,C034,P12,1,8000,5600,0.0
O01548,2023-10-05,C002,P06,4,2400,1560,0.1
O02324,2023-10-05,C025,P06,1,2400,1560,0.0
O00362,2023-10-06,C031,P03,1,1200,760,0.1
O00451,2023-10-06,C014,P11,4,4500,3150,0.05
O01271,2023-10-06,C034,P12,5,8000,5600,0.0
O01766,2023-10-06,C014,P03,4,1200,760,0.0
O01875,2023-10-06,C019,P01,4,500,330,0.05
O01921,2023-10-06,C019,P11,10,4500,3150,0.0
O02514,2023-10-06,C022,P09,3,2200,1430,0.0
O02599,2023-10-06,C001,P01,2,500,330,0.0
O00770,2023-10-07,C029,P01,3,500,330,0.0
O02117,2023-10-07,C023,P10,2,1800,1080,0.0
O02130,2023-10-07,C033,P07,3,4200,2900,0.0
O02905,2023-10-07,C031,P08,6,900,520,0.0
O02970,2023-10-07,C036,P08,8,900,520,0.0
O00114,2023-10-08,C025,P04,2,1600,1040,0.0
O00687,2023-10-08,C006,P05,2,3500,2300,0.0
O00792,2023-10-08,C008,P01,2,500,330,0.0
O01647,2023-10-08,C014,P08,8,900,520,0.0
O02501,2023-10-08,C024,P02,1,2800,1850,0.05
O00128,2023-10-09,C007,P03,6,1200,760,0.0
O00549,2023-10-09,C003,P03,3,1200,760,0.05
O00999,2023-10-09,C023,P05,5,3500,2300,0.0
O01356,2023-10-09,C012,P02,1,2800,1850,0.05
O02136,2023-10-09,C039,P08,4,900,520,0.0
O01431,2023-10-10,C030,P08,6,900,520,0.0
O02455,2023-10-10,C009,P05,10,3500,2300,0.0
O00371,2023-10-11,C029,P01,3,500,330,0.0
O00935,2023-10-11,C015,P02,4,2800,1850,0.05
O01369,2023-10-11,C019,P08,4,900,520,0.0
O01556,2023-10-11,C008,P07,1,4200,2900,0.0
O01685,2023-10-11,C032,P08,3,900,520,0.0
O02662,2023-10-11,C032,P08,3,900,520,0.1
O00330,2023-10-12,C001,P08,1,900,520,0.0
O00808,2023-10-12,C034,P07,1,4200,2900,0.0
O01223,2023-10-12,C038,P03,1,1200,760,0.0
O01287,2023-10-12,C036,P01,1,500,330,0.0
O01636,2023-10-12,C013,P08,1,900,520,0.0
O01857,2023-10-12,C024,P08,2,900,520,0.0
O02482,2023-10-12,C008,P13,1,3200,2080,0.05
O00119,2023-10-13,C039,P06,2,2400,1560,0.05
O01039,2023-10-13,C040,P06,6,2400,1560,0.0
O01736,2023-10-13,C002,P10,2,1800,1080,0.1
O02022,2023-10-13,C027,P08,10,900,520,0.0
O00280,2023-10-14,C035,P01,2,500,330,0.1
O00563,2023-10-14,C024,P01,2,500,330,0.0
O00793,2023-10-14,C013,P01,5,500,330,0.0
O00945,2023-10-14,C007,P08,1,900,520,0.0
O01863,2023-10-14,C038,P08,5,900,520,0.0
O02251,2023-10-14,C024,P08,1,900,520,0.0
O02459,2023-10-14,C039,P01,1,500,330,0.0
O02657,2023-10-14,C027,P06,6,2400,1560,0.0
O01155,2023-10-15,C034,P07,2,4200,2900,0.05
O01268,2023-10-15,C013,P08,1,900,520,0.0
O01630,2023-10-15,C020,P03,2,1200,760,0.05
O02371,2023-10-15,C009,P01,4,500,330,0.1
O02576,2023-10-15,C029,P04,4,1600,1040,0.0
O00598,2023-10-16,C002,P06,6,2400,1560,0.1
O00725,2023-10-16,C003,P03,1,1200,760,0.05
O00944,2023-10-16,C005,P01,2,500,330,0.0
O01554,2023-10-16,C015,P03,2,1200,760,0.0
O02090,2023-10-16,C034,P01,4,500,330,0.1
O00051,2023-10-17,C018,P01,4,500,330,0.05
O00170,2023-10-17,C007,P05,5,3500,2300,0.0
O01267,2023-10-17,C013,P01,1,500,330,0.05
O01438,2023-10-17,C028,P04,1,1600,1040,0.0
O01638,2023-10-17,C003,P11,1,4500,3150,0.0
O01770,2023-10-17,C029,P12,2,8000,5600,0.0
O02035,2023-10-17,C010,P06,2,2400,1560,0.0
O00441,2023-10-18,C031,P12,1,8000,5600,0.0
O00787,2023-10-18,C026,P12,8,8000,5600,0.05
O01036,2023-10-18,C017,P13,2,3200,2080,0.0
O01078,2023-10-18,C002,P08,3,900,520,0.0
O01831,2023-10-18,C029,P08,2,900,520,0.0
O02124,2023-10-18,C013,P03,1,1200,760,0.0
O02552,2023-10-18,C039,P13,1,3200,2080,0.0
O02912,2023-10-18,C040,P05,5,3500,2300,0.0
O02943,2023-10-18,C021,P02,1,2800,1850,0.0
O00155,2023-10-19,C016,P01,3,500,330,0.0
O01540,2023-10-19,C040,P09,1,2200,1430,0.05
O01632,2023-10-19,C012,P11,1,4500,3150,0.0
O02109,2023-10-19,C028,P10,3,1800,1080,0.0
O02138,2023-10-19,C031,P08,3,900,520,0.05
O02370,2023-10-19,C039,P08,3,900,520,0.1
O02929,2023-10-19,C032,P04,2,1600,1040,0.0
O00458,2023-10-20,C024,P04,4,1600,1040,0.0
O00612,2023-10-20,C012,P01,1,500,330,0.05
O00873,2023-10-20,C038,P05,1,3500,2300,0.0
O01087,2023-10-20,C022,P02,8,2800,1850,0.0
O01112,2023-10-20,C015,P13,4,3200,2080,0.05
O01219,2023-10-20,C034,P03,1,1200,760,0.0
O01582,2023-10-20,C034,P07,2,4200,2900,0.1
O01678,2023-10-20,C033,P11,3,4500,3150,0.05
O02097,2023-10-20,C020,P01,5,500,330,0.0
O02401,2023-10-20,C038,P03,2,1200,760,0.0
O00279,2023-10-21,C032,P02,3,2800,1850,0.0
O01532,2023-10-21,C034,P01,2,500,330,0.0
O02428,2023-10-21,C012,P09,4,2200,1430,0.0
O02453,2023-10-21,C007,P08,1,900,520,0.05
O02655,2023-10-21,C026,P01,2,500,330,0.0
O02962,2023-10-21,C019,P01,5,500,330,0.0
O01179,2023-10-22,C037,P11,1,4500,3150,0.0
O02573,2023-10-22,C019,P07,10,4200,2900,0.0
O02626,2023-10-22,C014,P04,10,1600,1040,0.0
O02906,2023-10-22,C020,P07,4,4200,2900,0.0
O00283,2023-10-23,C012,P06,4,2400,1560,0.0
O00616,2023-10-23,C031,P04,2,1600,1040,0.0
O00841,2023-10-23,C005,P04,2,1600,1040,0.0
O01107,2023-10-23,C002,P03,2,1200,760,0.0
O01550,2023-10-23,C007,P01,2,500,330,0.0
O01586,2023-10-23,C018,P10,1,1800,1080,0.0
O01762,2023-10-23,C026,P02,4,2800,1850,0.0
O02476,2023-10-23,C036,P07,3,4200,2900,0.0
O02600,2023-10-23,C037,P03,1,1200,760,0.0
O02987,2023-10-23,C008,P04,10,1600,1040,0.1
O00741,2023-10-24,C017,P01,4,500,330,0.0
O00819,2023-10-24,C024,P13,2,3200,2080,0.0
O01103,2023-10-24,C039,P05,2,3500,2300,0.0
O01417,2023-10-24,C026,P06,6,2400,1560,0.0
O01654,2023-10-24,C024,P08,5,900,520,0.05
O01922,2023-10-24,C011,P11,1,4500,3150,0.0
O00861,2023-10-25,C008,P01,5,500,330,0.0
O00952,2023-10-25,C020,P08,1,900,520,0.0
O02053,2023-10-25,C002,P08,1,900,520,0.0
O02430,2023-10-25,C017,P04,3,1600,1040,0.0
O02756,2023-10-25,C037,P10,1,1800,1080,0.0
O01658,2023-10-26,C001,P01,1,500,330,0.0
O01916,2023-10-26,C014,P03,4,1200,760,0.05
O02014,2023-10-26,C006,P01,8,500,330,0.0
O00055,2023-10-27,C022,P10,6,1800,1080,0.0
O00407,2023-10-27,C026,P03,8,1200,760,0.0
O01701,2023-10-27,C029,P02,8,2800,1850,0.0
O01842,2023-10-27,C017,P05,3,3500,2300,0.0
O02096,2023-10-27,C036,P10,2,1800,1080,0.05
O02980,2023-10-27,C019,P08,2,900,520,0.0
O00250,2023-10-28,C002,P06,1,2400,1560,0.0
O01109,2023-10-28,C012,P01,6,500,330,0.0
O01363,2023-10-28,C020,P10,1,1800,1080,0.0
O01622,2023-10-28,C023,P04,2,1600,1040,0.05
O01623,2023-10-28,C018,P05,1,3500,2300,0.05
O01890,2023-10-28,C030,P01,6,500,330,0.0
O01905,2023-10-28,C031,P13,6,3200,2080,0.0
O02006,2023-10-28,C009,P03,1,1200,760,0.0
O02437,2023-10-28,C010,P06,5,2400,1560,0.0
O02822,2023-10-28,C026,P01,1,500,330,0.1
O00139,2023-10-29,C022,P03,2,1200,760,0.0
O00312,2023-10-29,C016,P01,2,500,330,0.05
O00802,2023-10-29,C001,P11,2,4500,3150,0.0
O00898,2023-10-29,C030,P01,1,500,330,0.0
O02033,2023-10-29,C031,P11,3,4500,3150,0.0
O02151,2023-10-29,C016,P11,6,4500,3150,0.05
O02181,2023-10-29,C002,P06,1,2400,1560,0.0
O02426,2023-10-29,C005,P05,1,3500,2300,0.0
O02527,2023-10-29,C014,P06,3,2400,1560,0.0
O01005,2023-10-30,C014,P11,5,4500,3150,0.05
O01915,2023-10-30,C018,P03,1,1200,760,0.0
O01925,2023-10-30,C015,P08,1,900,520,0.0
O00111,2023-10-31,C019,P01,1,500,330,0.05
O01443,2023-10-31,C037,P01,1,500,330,0.0
O01933,2023-10-31,C031,P10,1,1800,1080,0.0
O02150,2023-10-31,C013,P09,3,2200,1430,0.0
O02159,2023-10-31,C031,P07,1,4200,2900,0.05
O02219,2023-10-31,C022,P11,2,4500,3150,0.05
O02347,2023-10-31,C027,P08,5,900,520,0.1
O02774,2023-10-31,C021,P09,10,2200,1430,0.0
O00141,2023-11-01,C032,P11,3,4500,3150,0.1
O01084,2023-11-01,C006,P09,1,2200,1430,0.0
O01758,2023-11-01,C006,P03,1,1200,760,0.0
O01779,2023-11-01,C023,P06,1,2400,1560,0.1
O01834,2023-11-01,C011,P10,4,1800,1080,0.0
O02635,2023-11-01,C003,P06,1,2400,1560,0.0
O00657,2023-11-02,C022,P01,2,500,330,0.0
O01236,2023-11-02,C022,P04,5,1600,1040,0.05
O02152,2023-11-03,C025,P04,1,1600,1040,0.05
O02607,2023-11-03,C039,P13,2,3200,2080,0.0
O02632,2023-11-03,C029,P03,5,1200,760,0.0
O02697,2023-11-03,C036,P03,2,1200,760,0.0
O02744,2023-11-03,C019,P08,3,900,520,0.05
O02765,2023-11-03,C036,P07,2,4200,2900,0.0
O00320,2023-11-04,C017,P11,10,4500,3150,0.05
O00587,2023-11-04,C002,P05,4,3500,2300,0.0
O01277,2023-11-04,C031,P10,6,1800,1080,0.0
O01958,2023-11-04,C030,P11,8,4500,3150,0.0
O02546,2023-11-04,C027,P08,3,900,520,0.05
O02767,2023-11-04,C032,P06,3,2400,1560,0.0
O00252,2023-11-05,C019,P10,1,1800,1080,0.05
O00349,2023-11-05,C032,P05,2,3500,2300,0.0
O00573,2023-11-05,C022,P05,1,3500,2300,0.1
O01311,2023-11-05,C011,P05,1,3500,2300,0.1
O01488,2023-11-05,C013,P06,2,2400,1560,0.05
O01704,2023-11-05,C036,P03,2,1200,760,0.05
O02143,2023-11-05,C014,P03,6,1200,760,0.0
O02807,2023-11-05,C016,P08,4,900,520,0.0
O00231,2023-11-06,C003,P04,4,1600,1040,0.0
O00271,2023-11-06,C031,P01,1,500,330,0.0
O00368,2023-11-06,C001,P05,1,3500,2300,0.1
O01057,2023-11-06,C013,P08,5,900,520,0.0
O01328,2023-11-06,C010,P03,3,1200,760,0.05
O01852,2023-11-06,C017,P05,2,3500,2300,0.0
O02336,2023-11-06,C015,P10,1,1800,1080,0.0
O00134,2023-11-07,C008,P11,1,4500,3150,0.0
O00333,2023-11-07,C020,P07,1,4200,2900,0.0
O00405,2023-11-07,C038,P08,3,900,520,0.0
O01139,2023-11-07,C011,P13,1,3200,2080,0.0
O01291,2023-11-07,C039,P08,6,900,520,0.1
O01469,2023-11-07,C019,P01,1,500,330,0.0
O02238,2023-11-07,C012,P08,1,900,520,0.0
O02281,2023-11-07,C034,P05,1,3500,2300,0.05
O02553,2023-11-07,C021,P01,1,500,330,0.1
O02719,2023-11-07,C005,P01,3,500,330,0.05
O02840,2023-11-07,C033,P02,2,2800,1850,0.0
O00528,2023-11-08,C011,P09,1,2200,1430,0.0
O00783,2023-11-08,C038,P09,5,2200,1430,0.0
O01034,2023-11-08,C014,P06,2,2400,1560,0.0
O01482,2023-11-08,C033,P08,1,900,520,0.05
O01571,2023-11-08,C036,P02,2,2800,1850,0.0
O01824,2023-11-08,C031,P01,6,500,330,0.1
O02530,2023-11-08,C039,P03,1,1200,760,0.0
O02579,2023-11-08,C038,P12,10,8000,5600,0.0
O02619,2023-11-08,C009,P13,4,3200,2080,0.0
O00381,2023-11-09,C010,P09,2,2200,1430,0.0
O00700,2023-11-09,C038,P05,1,3500,2300,0.05
O01386,2023-11-09,C021,P03,2,1200,760,0.05
O01976,2023-11-09,C037,P13,2,3200,2080,0.0
O02586,2023-11-09,C022,P07,1,4200,2900,0.0
O02797,2023-11-09,C014,P01,2,500,330,0.0
O00001,2023-11-10,C038,P01,1,500,330,0.0
O00417,2023-11-10,C015,P04,1,1600,1040,0.0
O00462,2023-11-10,C023,P07,1,4200,2900,0.0
O00928,2023-11-10,C034,P05,1,3500,2300,0.0
O01276,2023-11-10,C017,P06,2,2400,1560,0.0
O01584,2023-11-10,C039,P09,4,2200,1430,0.0
O01677,2023-11-10,C036,P02,3,2800,1850,0.0
O01952,2023-11-10,C015,P05,2,3500,2300,0.0
O02054,2023-11-10,C009,P10,1,1800,1080,0.1
O00195,2023-11-11,C007,P13,5,3200,2080,0.0
O00633,2023-11-11,C038,P06,1,2400,1560,0.05
O00643,2023-11-11,C027,P03,2,1200,760,0.0
O00896,2023-11-11,C022,P05,2,3500,2300,0.0
O01389,2023-11-11,C024,P04,2,1600,1040,0.0
O01539,2023-11-11,C006,P11,5,4500,3150,0.0
O01629,2023-11-11,C002,P08,2,900,520,0.0
O01960,2023-11-11,C008,P03,5,1200,760,0.0
O02478,2023-11-11,C019,P02,4,2800,1850,0.05
O00438,2023-11-12,C014,P01,3,500,330,0.0
O00628,2023-11-12,C017,P04,4,1600,1040,0.0
O01326,2023-11-12,C017,P03,2,1200,760,0.0
O01783,2023-11-12,C027,P03,1,1200,760,0.0
O01988,2023-11-12,C021,P01,3,500,330,0.0
O02252,2023-11-12,C013,P03,2,1200,760,0.0
O02814,2023-11-12,C021,P07,4,4200,2900,0.0
O02910,2023-11-12,C035,P08,5,900,520,0.0
O00376,2023-11-13,C011,P11,3,4500,3150,0.05
O01938,2023-11-13,C013,P09,6,2200,1430,0.0
O02094,2023-11-13,C010,P09,3,2200,1430,0.0
O02598,2023-11-13,C012,P10,1,1800,1080,0.0
O02963,2023-11-13,C038,P11,3,4500,3150,0.0
O02984,2023-11-13,C033,P04,2,1600,1040,0.0
O00553,2023-11-14,C034,P06,2,2400,1560,0.0
O01125,2023-11-14,C032,P08,4,900,520,0.05
O01167,2023-11-14,C006,P07,1,4200,2900,0.0
O00064,2023-11-15,C021,P10,2,1800,1080,0.05
O00220,2023-11-15,C005,P05,2,3500,2300,0.0
O00223,2023-11-15,C009,P05,2,3500,2300,0.05
O01671,2023-11-15,C039,P10,1,1800,1080,0.0
O01690,2023-11-15,C002,P05,1,3500,2300,0.0
O02339,2023-11-15,C009,P06,1,2400,1560,0.05
O02341,2023-11-15,C040,P08,2,900,520,0.1
O02549,2023-11-15,C005,P08,1,900,520,0.0
O02633,2023-11-15,C025,P04,4,1600,1040,0.0
O00130,2023-11-16,C027,P06,4,2400,1560,0.0
O02340,2023-11-16,C026,P03,3,1200,760,0.0
O00008,2023-11-17,C002,P10,1,1800,1080,0.1
O00798,2023-11-17,C033,P12,2,8000,5600,0.1
O01777,2023-11-17,C009,P10,2,1800,1080,0.05
O01794,2023-11-17,C036,P13,8,3200,2080,0.0
O02396,2023-11-17,C029,P09,1,2200,1430,0.0
O00431,2023-11-18,C036,P09,10,2200,1430,0.0
O01197,2023-11-18,C010,P03,2,1200,760,0.0
O01757,2023-11-18,C022,P13,2,3200,2080,0.0
O01790,2023-11-18,C017,P06,1,2400,1560,0.0
O02038,2023-11-18,C025,P06,2,2400,1560,0.1
O02679,2023-11-18,C039,P03,2,1200,760,0.0
O02868,2023-11-18,C032,P10,1,1800,1080,0.0
O00169,2023-11-19,C020,P03,2,1200,760,0.0
O00331,2023-11-19,C029,P05,2,3500,2300,0.05
O00585,2023-11-19,C037,P06,4,2400,1560,0.05
O00644,2023-11-19,C013,P03,3,1200,760,0.0
O01130,2023-11-19,C015,P11,1,4500,3150,0.0
O01180,2023-11-19,C005,P03,2,1200,760,0.0
O01270,2023-11-19,C017,P08,6,900,520,0.05
O01601,2023-11-19,C016,P04,6,1600,1040,0.0
O01657,2023-11-19,C009,P08,4,900,520,0.1
O01854,2023-11-19,C029,P13,1,3200,2080,0.05
O01874,2023-11-19,C032,P08,2,900,520,0.05
O02074,2023-11-19,C016,P09,1,2200,1430,0.05
O00206,2023-11-20,C038,P08,2,900,520,0.0
O01305,2023-11-20,C014,P07,10,4200,2900,0.05
O01461,2023-11-20,C004,P09,6,2200,1430,0.0
O02066,2023-11-20,C035,P03,3,1200,760,0.0
O02145,2023-11-20,C025,P11,5,4500,3150,0.0
O02486,2023-11-20,C031,P05,3,3500,2300,0.0
O02988,2023-11-20,C001,P10,5,1800,1080,0.1
O00201,2023-11-21,C010,P03,8,1200,760,0.0
O00416,2023-11-21,C003,P09,4,2200,1430,0.0
O01763,2023-11-21,C016,P08,2,900,520,0.05
O01990,2023-11-21,C031,P03,1,1200,760,0.0
O00677,2023-11-22,C025,P01,2,500,330,0.05
O00760,2023-11-22,C006,P05,4,3500,2300,0.0
O00827,2023-11-22,C040,P05,1,3500,2300,0.0
O01058,2023-11-22,C013,P10,5,1800,1080,0.0
O01061,2023-11-22,C013,P01,1,500,330,0.0
O01357,2023-11-22,C027,P08,1,900,520,0.0
O01451,2023-11-22,C033,P03,5,1200,760,0.05
O01566,2023-11-22,C022,P01,1,500,330,0.0
O01574,2023-11-22,C030,P06,10,2400,1560,0.1
O02023,2023-11-22,C006,P10,4,1800,1080,0.0
O02131,2023-11-22,C025,P07,2,4200,2900,0.0
O01643,2023-11-23,C019,P11,4,4500,3150,0.0
O02037,2023-11-23,C003,P01,3,500,330,0.0
O02089,2023-11-23,C009,P05,2,3500,2300,0.05
O02113,2023-11-23,C030,P01,1,500,330,0.0
O02333,2023-11-23,C014,P03,1,1200,760,0.0
O00541,2023-11-24,C033,P06,1,2400,1560,0.0
O00565,2023-11-24,C005,P05,2,3500,2300,0.1
O00885,2023-11-24,C037,P01,3,500,330,0.05
O02227,2023-11-24,C004,P04,1,1600,1040,0.1
O02565,2023-11-24,C012,P07,3,4200,2900,0.0
O02986,2023-11-24,C034,P06,4,2400,1560,0.0
O00146,2023-11-25,C033,P13,1,3200,2080,0.1
O00216,2023-11-25,C040,P10,1,1800,1080,0.05
O00232,2023-11-25,C019,P08,1,900,520,0.0
O00557,2023-11-25,C038,P01,2,500,330,0.0
O02080,2023-11-25,C016,P03,2,1200,760,0.05
O02209,2023-11-25,C023,P10,3,1800,1080,0.0
O02393,2023-11-25,C011,P08,1,900,520,0.0
O02454,2023-11-25,C012,P12,3,8000,5600,0.0
O02684,2023-11-25,C019,P05,2,3500,2300,0.0
O02968,2023-11-25,C017,P08,1,900,520,0.0
O00862,2023-11-26,C034,P09,5,2200,1430,0.0
O01238,2023-11-26,C040,P06,1,2400,1560,0.0
O01336,2023-11-26,C023,P01,3,500,330,0.0
O01406,2023-11-26,C036,P03,1,1200,760,0.0
O02505,2023-11-26,C022,P10,2,1800,1080,0.0
O02613,2023-11-26,C034,P08,3,900,520,0.1
O02869,2023-11-26,C024,P06,4,2400,1560,0.0
O00428,2023-11-27,C016,P06,2,2400,1560,0.0
O01161,2023-11-27,C033,P06,1,2400,1560,0.05
O01298,2023-11-27,C038,P03,1,1200,760,0.05
O01708,2023-11-27,C012,P08,10,900,520,0.1
O01912,2023-11-27,C033,P01,1,500,330,0.0
O01956,2023-11-27,C001,P05,3,3500,2300,0.0
O02520,2023-11-27,C039,P01,1,500,330,0.0
O00056,2023-11-28,C002,P01,2,500,330,0.0
O00360,2023-11-28,C010,P01,1,500,330,0.0
O00916,2023-11-28,C029,P05,1,3500,2300,0.0
O00953,2023-11-28,C015,P03,1,1200,760,0.0
O01412,2023-11-28,C029,P04,2,1600,1040,0.0
O01697,2023-11-28,C036,P02,2,2800,1850,0.0
O01888,2023-11-28,C002,P07,3,4200,2900,0.1
O02193,2023-11-28,C010,P02,1,2800,1850,0.0
O02706,2023-11-28,C039,P01,2,500,330,0.05
O02752,2023-11-28,C027,P13,3,3200,2080,0.0
O00025,2023-11-29,C014,P08,4,900,520,0.0
O00533,2023-11-29,C009,P01,2,500,330,0.0
O01441,2023-11-29,C029,P06,2,2400,1560,0.0
O01718,2023-11-29,C031,P01,4,500,330,0.0
O02436,2023-11-29,C007,P06,3,2400,1560,0.0
O00241,2023-11-30,C017,P11,1,4500,3150,0.0
O01699,2023-11-30,C038,P10,1,1800,1080,0.0
O01893,2023-11-30,C020,P04,3,1600,1040,0.0
O02466,2023-11-30,C010,P08,1,900,520,0.0
O02701,2023-11-30,C005,P07,5,4200,2900,0.1
O01025,2023-12-01,C021,P08,3,900,520,0.0
O01092,2023-12-01,C039,P01,4,500,330,0.05
O01594,2023-12-01,C016,P08,1,900,520,0.0
O01837,2023-12-01,C030,P08,1,900,520,0.1
O02802,2023-12-01,C019,P01,2,500,330,0.0
O02805,2023-12-01,C008,P01,2,500,330,0.0
O02848,2023-12-01,C012,P09,1,2200,1430,0.0
O00398,2023-12-02,C038,P12,1,8000,5600,0.05
O00567,2023-12-02,C019,P04,2,1600,1040,0.0
O01380,2023-12-02,C035,P08,3,900,520,0.0
O02678,2023-12-02,C013,P06,1,2400,1560,0.0
O02941,2023-12-02,C007,P11,10,4500,3150,0.1
O00377,2023-12-03,C019,P10,1,1800,1080,0.0
O00488,2023-12-03,C015,P04,3,1600,1040,0.0
O00936,2023-12-03,C034,P03,3,1200,760,0.0
O00940,2023-12-03,C038,P04,4,1600,1040,0.05
O01274,2023-12-03,C001,P05,4,3500,2300,0.0
O01450,2023-12-03,C030,P05,8,3500,2300,0.05
O02077,2023-12-03,C005,P01,2,500,330,0.05
O02816,2023-12-03,C037,P03,5,1200,760,0.0
O02885,2023-12-03,C033,P06,2,2400,1560,0.0
O02981,2023-12-03,C040,P09,1,2200,1430,0.0
O02995,2023-12-03,C032,P02,4,2800,1850,0.1
O00019,2023-12-04,C030,P06,2,2400,1560,0.0
O01158,2023-12-04,C024,P03,8,1200,760,0.0
O01822,2023-12-04,C016,P06,2,2400,1560,0.0
O01951,2023-12-04,C009,P01,8,500,330,0.0
O02509,2023-12-04,C012,P02,1,2800,1850,0.1
O00284,2023-12-05,C002,P06,1,2400,1560,0.0
O01096,2023-12-05,C018,P04,2,1600,1040,0.0
O01581,2023-12-05,C006,P05,4,3500,2300,0.0
O02270,2023-12-05,C026,P05,2,3500,2300,0.0
O02355,2023-12-05,C007,P10,5,1800,1080,0.0
O00041,2023-12-06,C004,P03,1,1200,760,0.0
O01113,2023-12-06,C025,P09,2,2200,1430,0.05
O01168,2023-12-06,C034,P13,5,3200,2080,0.05
O01173,2023-12-06,C018,P13,1,3200,2080,0.0
O02135,2023-12-06,C027,P05,3,3500,2300,0.0
O02155,2023-12-06,C030,P09,3,2200,1430,0.0
O02841,2023-12-06,C015,P13,1,3200,2080,0.05
O00493,2023-12-07,C026,P10,1,1800,1080,0.0
O01377,2023-12-07,C002,P01,4,500,330,0.1
O02959,2023-12-07,C018,P05,10,3500,2300,0.05
O02994,2023-12-07,C040,P03,1,1200,760,0.0
O00178,2023-12-08,C017,P13,4,3200,2080,0.0
O00301,2023-12-08,C034,P01,1,500,330,0.0
O00364,2023-12-08,C033,P08,4,900,520,0.0
O01062,2023-12-08,C032,P11,8,4500,3150,0.0
O01143,2023-12-08,C006,P08,4,900,520,0.0
O02357,2023-12-08,C001,P05,4,3500,2300,0.0
O00778,2023-12-09,C005,P08,1,900,520,0.0
O00922,2023-12-09,C027,P01,1,500,330,0.05
O00020,2023-12-10,C028,P10,4,1800,1080,0.0
O00102,2023-12-10,C037,P09,8,2200,1430,0.0
O00619,2023-12-10,C001,P09,1,2200,1430,0.0
O01995,2023-12-10,C001,P10,3,1800,1080,0.0
O02915,2023-12-10,C012,P07,3,4200,2900,0.05
O00014,2023-12-11,C034,P08,1,900,520,0.0
O00217,2023-12-11,C007,P03,4,1200,760,0.0
O00595,2023-12-11,C013,P08,6,900,520,0.05
O01501,2023-12-11,C005,P08,2,900,520,0.0
O01712,2023-12-11,C006,P04,1,1600,1040,0.05
O01796,2023-12-11,C022,P02,1,2800,1850,0.05
O00233,2023-12-12,C001,P08,1,900,520,0.0
O00436,2023-12-12,C024,P13,3,3200,2080,0.0
O00961,2023-12-12,C005,P05,3,3500,2300,0.05
O01148,2023-12-12,C027,P01,2,500,330,0.0
O02085,2023-12-12,C032,P05,2,3500,2300,0.0
O02368,2023-12-12,C006,P13,2,3200,2080,0.0
O02621,2023-12-12,C001,P11,3,4500,3150,0.0
O02726,2023-12-12,C012,P06,1,2400,1560,0.0
O02883,2023-12-12,C037,P02,3,2800,1850,0.0
O00009,2023-12-13,C033,P01,1,500,330,0.0
O00711,2023-12-13,C011,P03,1,1200,760,0.0
O01410,2023-12-13,C009,P11,8,4500,3150,0.0
O02079,2023-12-13,C037,P05,10,3500,2300,0.0
O02148,2023-12-13,C031,P01,5,500,330,0.0
O02480,2023-12-13,C022,P01,4,500,330,0.0
O02537,2023-12-13,C028,P11,2,4500,3150,0.05
O02730,2023-12-13,C040,P08,10,900,520,0.0
O00120,2023-12-14,C019,P03,2,1200,760,0.1
O00765,2023-12-14,C005,P06,1,2400,1560,0.05
O02638,2023-12-14,C024,P09,3,2200,1430,0.0
O02785,2023-12-14,C016,P02,2,2800,1850,0.0
O02851,2023-12-14,C034,P11,4,4500,3150,0.05
O00259,2023-12-15,C005,P11,2,4500,3150,0.05
O01860,2023-12-15,C007,P04,5,1600,1040,0.0
O01932,2023-12-15,C004,P04,1,1600,1040,0.05
O02272,2023-12-16,C037,P03,3,1200,760,0.05
O02690,2023-12-17,C032,P10,1,1800,1080,0.0
O00196,2023-12-18,C023,P08,4,900,520,0.0
O00394,2023-12-18,C033,P11,3,4500,3150,0.05
O01126,2023-12-18,C033,P02,2,2800,1850,0.05
O02162,2023-12-18,C036,P03,2,1200,760,0.0
O02563,2023-12-18,C032,P06,2,2400,1560,0.0
O00379,2023-12-19,C001,P01,5,500,330,0.05
O00650,2023-12-19,C038,P03,1,1200,760,0.0
O00812,2023-12-19,C023,P10,5,1800,1080,0.0
O01140,2023-12-19,C016,P05,1,3500,2300,0.1
O02637,2023-12-19,C010,P03,3,1200,760,0.05
O02751,2023-12-19,C018,P01,1,500,330,0.0
O00123,2023-12-20,C034,P12,2,8000,5600,0.1
O00875,2023-12-20,C001,P01,8,500,330,0.0
O01919,2023-12-20,C027,P03,6,1200,760,0.05
O01961,2023-12-20,C001,P08,3,900,520,0.0
O02013,2023-12-20,C020,P01,6,500,330,0.0
O02561,2023-12-20,C028,P01,5,500,330,0.0
O02654,2023-12-20,C026,P10,4,1800,1080,0.0
O02865,2023-12-20,C036,P11,1,4500,3150,0.0
O00620,2023-12-21,C022,P01,1,500,330,0.0
O00758,2023-12-21,C032,P08,8,900,520,0.0
O01675,2023-12-21,C013,P05,1,3500,2300,0.05
O01755,2023-12-21,C011,P06,1,2400,1560,0.0
O01999,2023-12-21,C013,P07,3,4200,2900,0.0
O02264,2023-12-21,C032,P03,2,1200,760,0.0
O02477,2023-12-21,C029,P08,1,900,520,0.0
O00213,2023-12-22,C011,P06,4,2400,1560,0.05
O00408,2023-12-22,C040,P11,1,4500,3150,0.0
O00784,2023-12-22,C029,P02,2,2800,1850,0.0
O00947,2023-12-22,C032,P03,5,1200,760,0.0
O01591,2023-12-22,C036,P09,8,2200,1430,0.0
O02293,2023-12-22,C007,P08,3,900,520,0.0
O00183,2023-12-23,C027,P10,6,1800,1080,0.1
O02750,2023-12-23,C009,P01,2,500,330,0.0
O01059,2023-12-24,C020,P08,3,900,520,0.0
O01502,2023-12-24,C009,P13,1,3200,2080,0.0
O02382,2023-12-24,C004,P13,3,3200,2080,0.05
O02715,2023-12-24,C017,P10,1,1800,1080,0.1
O01399,2023-12-25,C005,P01,2,500,330,0.05
O01631,2023-12-25,C007,P03,2,1200,760,0.05
O01729,2023-12-25,C006,P02,1,2800,1850,0.0
O01993,2023-12-25,C031,P06,4,2400,1560,0.0
O02776,2023-12-25,C034,P03,4,1200,760,0.0
O01520,2023-12-26,C001,P08,2,900,520,0.0
O02029,2023-12-27,C003,P09,4,2200,1430,0.05
O02103,2023-12-27,C039,P08,1,900,520,0.0
O02753,2023-12-27,C035,P03,3,1200,760,0.0
O00076,2023-12-28,C023,P13,3,3200,2080,0.05
O00302,2023-12-28,C013,P08,2,900,520,0.0
O00659,2023-12-28,C022,P11,2,4500,3150,0.0
O02118,2023-12-28,C027,P10,1,1800,1080,0.1
O02506,2023-12-28,C030,P12,2,8000,5600,0.0
O02551,2023-12-28,C016,P11,1,4500,3150,0.0
O02862,2023-12-28,C017,P13,3,3200,2080,0.0
O00344,2023-12-29,C006,P06,4,2400,1560,0.0
O01191,2023-12-29,C008,P02,5,2800,1850,0.0
O01593,2023-12-29,C029,P09,3,2200,1430,0.0
O01616,2023-12-29,C001,P13,3,3200,2080,0.05
O00077,2023-12-30,C016,P03,3,1200,760,0.0
O01225,2023-12-30,C011,P03,6,1200,760,0.0
O01252,2023-12-30,C009,P10,2,1800,1080,0.05
O01330,2023-12-30,C028,P11,1,4500,3150,0.0
O01709,2023-12-30,C009,P02,2,2800,1850,0.0
O00801,2023-12-31,C013,P03,2,1200,760,0.05
O01805,2023-12-31,C021,P01,1,500,330,0.0
O00131,2024-01-01,C016,P09,4,2200,1430,0.05
O01858,2024-01-01,C011,P01,8,500,330,0.05
O02179,2024-01-01,C037,P08,6,900,520,0.0
O00212,2024-01-02,C017,P10,4,1800,1080,0.1
O00448,2024-01-02,C008,P08,3,900,520,0.0
O00837,2024-01-02,C014,P02,2,2800,1850,0.0
O00926,2024-01-02,C026,P03,3,1200,760,0.0
O00527,2024-01-03,C002,P09,1,2200,1430,0.0
O00939,2024-01-03,C009,P13,1,3200,2080,0.0
O01722,2024-01-03,C007,P09,8,2200,1430,0.0
O02556,2024-01-03,C032,P01,1,500,330,0.05
O00561,2024-01-04,C013,P01,10,500,330,0.0
O01681,2024-01-04,C032,P01,3,500,330,0.0
O02747,2024-01-05,C030,P10,1,1800,1080,0.05
O00295,2024-01-06,C020,P07,2,4200,2900,0.1
O00370,2024-01-06,C008,P06,5,2400,1560,0.0
O00627,2024-01-06,C032,P04,3,1600,1040,0.0
O00663,2024-01-06,C021,P11,1,4500,3150,0.0
O01338,2024-01-06,C021,P06,4,2400,1560,0.05
O00505,2024-01-07,C010,P08,3,900,520,0.0
O01198,2024-01-07,C015,P02,2,2800,1850,0.0
O01473,2024-01-07,C024,P08,5,900,520,0.05
O01786,2024-01-07,C002,P01,3,500,330,0.0
O01300,2024-01-08,C014,P06,4,2400,1560,0.0
O02893,2024-01-08,C029,P01,3,500,330,0.0
O00265,2024-01-09,C030,P13,2,3200,2080,0.0
O00293,2024-01-09,C008,P06,3,2400,1560,0.1
O00814,2024-01-09,C031,P03,10,1200,760,0.0
O00863,2024-01-09,C019,P10,6,1800,1080,0.0
O01032,2024-01-09,C014,P03,1,1200,760,0.0
O01128,2024-01-09,C038,P11,5,4500,3150,0.0
O01202,2024-01-09,C007,P01,1,500,330,0.05
O01964,2024-01-09,C039,P06,1,2400,1560,0.0
O02194,2024-01-09,C039,P06,3,2400,1560,0.0
O02389,2024-01-09,C020,P09,1,2200,1430,0.0
O00054,2024-01-10,C026,P13,3,3200,2080,0.0
O00890,2024-01-10,C020,P09,1,2200,1430,0.0
O01008,2024-01-10,C024,P06,1,2400,1560,0.1
O01322,2024-01-10,C015,P06,1,2400,1560,0.0
O01457,2024-01-10,C026,P02,6,2800,1850,0.0
O02028,2024-01-10,C023,P10,1,1800,1080,0.0
O02661,2024-01-10,C025,P11,2,4500,3150,0.0
O00016,2024-01-11,C014,P06,1,2400,1560,0.0
O00660,2024-01-11,C005,P01,5,500,330,0.0
O01170,2024-01-11,C029,P03,4,1200,760,0.0
O01795,2024-01-11,C039,P08,1,900,520,0.0
O02383,2024-01-11,C024,P05,5,3500,2300,0.05
O00073,2024-01-12,C038,P06,2,2400,1560,0.0
O00210,2024-01-12,C016,P10,3,1800,1080,0.0
O00467,2024-01-12,C039,P03,8,1200,760,0.0
O00544,2024-01-12,C011,P01,1,500,330,0.0
O02110,2024-01-12,C023,P07,2,4200,2900,0.0
O00433,2024-01-13,C002,P06,1,2400,1560,0.0
O00701,2024-01-13,C025,P11,5,4500,3150,0.1
O00822,2024-01-13,C026,P06,1,2400,1560,0.0
O01972,2024-01-13,C032,P03,6,1200,760,0.0
O02431,2024-01-13,C009,P01,1,500,330,0.0
O02473,2024-01-13,C036,P04,1,1600,1040,0.0
O02528,2024-01-13,C011,P04,5,1600,1040,0.0
O02711,2024-01-13,C037,P06,3,2400,1560,0.0
O02793,2024-01-13,C036,P12,1,8000,5600,0.0
O00012,2024-01-14,C013,P04,2,1600,1040,0.0
O00229,2024-01-14,C021,P06,6,2400,1560,0.0
O01110,2024-01-14,C017,P04,3,1600,1040,0.05
O01721,2024-01-14,C028,P01,6,500,330,0.0
O02888,2024-01-14,C027,P04,1,1600,1040,0.05
O00066,2024-01-15,C034,P01,2,500,330,0.0
O01859,2024-01-15,C031,P08,1,900,520,0.05
O02170,2024-01-15,C024,P08,4,900,520,0.0
O01100,2024-01-16,C020,P11,4,4500,3150,0.1
O01552,2024-01-16,C006,P06,1,2400,1560,0.0
O01848,2024-01-16,C029,P08,1,900,520,0.0
O00743,2024-01-17,C029,P04,1,1600,1040,0.0
O01150,2024-01-17,C008,P01,2,500,330,0.0
O01847,2024-01-17,C006,P01,10,500,330,0.0
O02133,2024-01-17,C033,P01,1,500,330,0.1
O01181,2024-01-18,C018,P10,2,1800,1080,0.0
O01281,2024-01-18,C011,P13,4,3200,2080,0.0
O01337,2024-01-18,C036,P02,3,2800,1850,0.0
O02686,2024-01-18,C008,P06,8,2400,1560,0.0
O01666,2024-01-19,C026,P11,1,4500,3150,0.0
O02911,2024-01-20,C021,P03,1,1200,760,0.1
O00133,2024-01-21,C024,P02,2,2800,1850,0.0
O00297,2024-01-21,C035,P10,1,1800,1080,0.0
O00478,2024-01-21,C011,P10,6,1800,1080,0.0
O01442,2024-01-21,C013,P05,1,3500,2300,0.0
O02127,2024-01-21,C020,P03,1,1200,760,0.1
O02777,2024-01-21,C012,P13,3,3200,2080,0.1
O02212,2024-01-22,C014,P11,4,4500,3150,0.0
O01936,2024-01-23,C004,P01,3,500,330,0.05
O02568,2024-01-23,C011,P08,2,900,520,0.0
O02709,2024-01-23,C003,P03,4,1200,760,0.0
O02049,2024-01-24,C023,P01,5,500,330,0.05
O02940,2024-01-24,C031,P02,10,2800,1850,0.0
O02983,2024-01-24,C016,P05,2,3500,2300,0.0
O00173,2024-01-25,C011,P10,2,1800,1080,0.0
O00388,2024-01-25,C023,P10,8,1800,1080,0.05
O01218,2024-01-25,C003,P10,4,1800,1080,0.0
O01454,2024-01-25,C030,P03,5,1200,760,0.0
O01836,2024-01-25,C001,P06,8,2400,1560,0.0
O00258,2024-01-26,C040,P03,3,1200,760,0.05
O00526,2024-01-26,C029,P01,2,500,330,0.0
O00652,2024-01-26,C015,P05,1,3500,2300,0.0
O02630,2024-01-26,C031,P08,1,900,520,0.0
O02714,2024-01-26,C001,P10,2,1800,1080,0.0
O00420,2024-01-27,C035,P03,3,1200,760,0.05
O00489,2024-01-28,C017,P13,1,3200,2080,0.0
O00112,2024-01-29,C029,P06,3,2400,1560,0.0
O00963,2024-01-29,C035,P09,2,2200,1430,0.1
O02019,2024-01-29,C019,P03,2,1200,760,0.0
O00745,2024-01-30,C018,P10,10,1800,1080,0.0
O01479,2024-01-30,C014,P08,2,900,520,0.0
O00466,2024-01-31,C013,P10,1,1800,1080,0.0
O00817,2024-01-31,C018,P03,1,1200,760,0.1
O01116,2024-01-31,C005,P03,1,1200,760,0.0
O02161,2024-01-31,C027,P04,6,1600,1040,0.05
O00564,2024-02-01,C030,P01,2,500,330,0.0
O01264,2024-02-01,C035,P10,1,1800,1080,0.0
O01602,2024-02-01,C040,P07,2,4200,2900,0.0
O00122,2024-02-02,C009,P08,1,900,520,0.0
O00161,2024-02-02,C008,P08,2,900,520,0.0
O01659,2024-02-02,C032,P07,3,4200,2900,0.1
O02286,2024-02-02,C014,P08,1,900,520,0.0
O02828,2024-02-02,C038,P01,10,500,330,0.0
O00099,2024-02-03,C018,P03,1,1200,760,0.0
O00869,2024-02-03,C001,P05,1,3500,2300,0.05
O00198,2024-02-04,C028,P13,3,3200,2080,0.05
O00603,2024-02-04,C008,P05,1,3500,2300,0.1
O00934,2024-02-04,C027,P05,3,3500,2300,0.0
O01237,2024-02-04,C011,P01,4,500,330,0.0
O02185,2024-02-04,C023,P06,6,2400,1560,0.1
O00631,2024-02-05,C024,P07,6,4200,2900,0.0
O00757,2024-02-05,C022,P10,5,1800,1080,0.0
O02762,2024-02-05,C038,P08,4,900,520,0.1
O00931,2024-02-06,C039,P06,1,2400,1560,0.1
O01563,2024-02-06,C038,P05,6,3500,2300,0.0
O01579,2024-02-06,C031,P01,3,500,330,0.0
O01948,2024-02-06,C013,P03,4,1200,760,0.0
O02884,2024-02-06,C011,P04,4,1600,1040,0.0
O00165,2024-02-07,C004,P05,2,3500,2300,0.05
O00574,2024-02-07,C032,P03,1,1200,760,0.0
O01147,2024-02-08,C012,P08,10,900,520,0.0
O00356,2024-02-09,C036,P06,1,2400,1560,0.0
O01364,2024-02-09,C012,P09,6,2200,1430,0.1
O02931,2024-02-09,C039,P01,1,500,330,0.05
O02691,2024-02-10,C027,P05,3,3500,2300,0.0
O02757,2024-02-10,C005,P04,1,1600,1040,0.1
O00692,2024-02-11,C027,P03,3,1200,760,0.1
O01833,2024-02-11,C035,P11,4,4500,3150,0.0
O02406,2024-02-11,C019,P03,1,1200,760,0.0
O02362,2024-02-12,C029,P05,1,3500,2300,0.0
O00080,2024-02-13,C002,P10,2,1800,1080,0.0
O00813,2024-02-13,C014,P08,2,900,520,0.0
O02710,2024-02-13,C033,P01,2,500,330,0.0
O02873,2024-02-13,C020,P11,1,4500,3150,0.05
O02965,2024-02-13,C029,P10,2,1800,1080,0.1
O00921,2024-02-14,C003,P08,6,900,520,0.0
O02016,2024-02-14,C023,P01,5,500,330,0.0
O02812,2024-02-14,C013,P09,2,2200,1430,0.05
O00773,2024-02-15,C020,P08,5,900,520,0.05
O01273,2024-02-15,C032,P08,10,900,520,0.0
O01698,2024-02-15,C016,P06,3,2400,1560,0.0
O02320,2024-02-15,C010,P08,2,900,520,0.0
O02331,2024-02-15,C033,P02,2,2800,1850,0.0
O02345,2024-02-15,C029,P01,1,500,330,0.1
O00788,2024-02-16,C040,P01,2,500,330,0.1
O01426,2024-02-16,C002,P03,4,1200,760,0.0
O00192,2024-02-17,C031,P08,5,900,520,0.0
O01732,2024-02-17,C027,P13,2,3200,2080,0.0
O02849,2024-02-18,C013,P11,3,4500,3150,0.0
O02944,2024-02-18,C038,P08,4,900,520,0.1
O01570,2024-02-19,C024,P03,3,1200,760,0.0
O00085,2024-02-20,C026,P07,1,4200,2900,0.0
O01656,2024-02-20,C010,P02,5,2800,1850,0.1
O01784,2024-02-20,C018,P08,3,900,520,0.0
O01870,2024-02-20,C027,P05,3,3500,2300,0.0
O02211,2024-02-20,C020,P12,3,8000,5600,0.0
O02866,2024-02-20,C036,P10,2,1800,1080,0.0
O02960,2024-02-20,C036,P03,1,1200,760,0.0
O00282,2024-02-21,C024,P11,3,4500,3150,0.0
O02231,2024-02-21,C012,P06,3,2400,1560,0.0
O00162,2024-02-22,C016,P06,3,2400,1560,0.05
O01651,2024-02-22,C015,P10,2,1800,1080,0.1
O02202,2024-02-22,C009,P02,3,2800,1850,0.1
O00782,2024-02-23,C033,P06,2,2400,1560,0.0
O01645,2024-02-23,C040,P05,3,3500,2300,0.0
O01655,2024-02-23,C007,P13,2,3200,2080,0.05
O00061,2024-02-24,C006,P02,2,2800,1850,0.0
O01002,2024-02-24,C029,P05,2,3500,2300,0.0
O01546,2024-02-24,C022,P09,2,2200,1430,0.05
O01670,2024-02-24,C010,P04,1,1600,1040,0.0
O01348,2024-02-25,C010,P01,10,500,330,0.0
O02112,2024-02-25,C033,P06,1,2400,1560,0.0
O02578,2024-02-25,C028,P08,1,900,520,0.0
O01022,2024-02-26,C009,P08,1,900,520,0.0
O02189,2024-02-26,C009,P08,1,900,520,0.0
O02946,2024-02-26,C027,P06,10,2400,1560,0.1
O01448,2024-02-27,C031,P07,1,4200,2900,0.1
O00004,2024-02-28,C032,P10,1,1800,1080,0.0
O01382,2024-02-28,C018,P07,2,4200,2900,0.0
O01640,2024-02-28,C023,P03,5,1200,760,0.0
O01772,2024-02-28,C032,P03,2,1200,760,0.0
O02107,2024-02-28,C025,P12,2,8000,5600,0.05
O02236,2024-02-28,C005,P05,6,3500,2300,0.1
O02880,2024-02-28,C032,P08,2,900,520,0.0
O00840,2024-02-29,C038,P08,2,900,520,0.0
O01470,2024-02-29,C026,P01,2,500,330,0.0
O00107,2024-03-01,C024,P07,2,4200,2900,0.0
O02587,2024-03-01,C039,P11,5,4500,3150,0.0
O00924,2024-03-02,C022,P09,1,2200,1430,0.0
O01743,2024-03-02,C029,P06,1,2400,1560,0.0
O01913,2024-03-02,C039,P03,2,1200,760,0.0
O01453,2024-03-03,C032,P07,1,4200,2900,0.0
O01832,2024-03-04,C027,P05,4,3500,2300,0.0
O02781,2024-03-04,C014,P03,2,1200,760,0.1
O00105,2024-03-05,C036,P02,1,2800,1850,0.0
O00937,2024-03-05,C040,P02,2,2800,1850,0.0
O01127,2024-03-05,C004,P08,4,900,520,0.0
O02620,2024-03-05,C001,P06,4,2400,1560,0.0
O00396,2024-03-06,C034,P05,2,3500,2300,0.0
O00532,2024-03-06,C028,P03,5,1200,760,0.05
O00546,2024-03-06,C001,P08,8,900,520,0.0
O00268,2024-03-07,C039,P10,1,1800,1080,0.1
O01705,2024-03-07,C002,P08,2,900,520,0.0
O02789,2024-03-07,C028,P03,1,1200,760,0.0
O00062,2024-03-08,C021,P01,5,500,330,0.05
O00674,2024-03-08,C012,P06,6,2400,1560,0.0
O00976,2024-03-08,C010,P08,1,900,520,0.05
O01778,2024-03-08,C038,P04,1,1600,1040,0.0
O00311,2024-03-10,C021,P03,1,1200,760,0.0
O00642,2024-03-10,C029,P03,6,1200,760,0.0
O01088,2024-03-10,C025,P09,1,2200,1430,0.0
O01151,2024-03-10,C002,P04,4,1600,1040,0.0
O01748,2024-03-10,C011,P08,1,900,520,0.0
O02040,2024-03-10,C008,P01,10,500,330,0.0
O01224,2024-03-11,C006,P13,4,3200,2080,0.0
O02062,2024-03-11,C024,P01,1,500,330,0.0
O02513,2024-03-11,C038,P06,4,2400,1560,0.0
O00219,2024-03-12,C035,P03,4,1200,760,0.0
O00991,2024-03-12,C001,P13,8,3200,2080,0.05
O02071,2024-03-12,C015,P11,3,4500,3150,0.0
O00830,2024-03-13,C020,P11,2,4500,3150,0.0
O01120,2024-03-13,C002,P01,6,500,330,0.0
O01420,2024-03-13,C033,P08,5,900,520,0.05
O01868,2024-03-13,C009,P04,1,1600,1040,0.0
O00140,2024-03-14,C034,P05,2,3500,2300,0.0
O01818,2024-03-14,C012,P13,1,3200,2080,0.0
O02964,2024-03-14,C032,P11,8,4500,3150,0.0
O00551,2024-03-15,C004,P05,2,3500,2300,0.0
O01496,2024-03-15,C001,P06,6,2400,1560,0.1
O01580,2024-03-15,C023,P07,6,4200,2900,0.0
O02296,2024-03-15,C033,P08,1,900,520,0.1
O02536,2024-03-15,C007,P02,3,2800,1850,0.0
O00580,2024-03-16,C015,P10,1,1800,1080,0.0
O00103,2024-03-17,C026,P05,1,3500,2300,0.05
O01136,2024-03-17,C028,P08,1,900,520,0.0
O02909,2024-03-17,C025,P10,1,1800,1080,0.0
O02966,2024-03-17,C012,P01,1,500,330,0.0
O01418,2024-03-18,C040,P09,3,2200,1430,0.05
O01526,2024-03-18,C022,P09,2,2200,1430,0.0
O00017,2024-03-19,C030,P03,2,1200,760,0.0
O00591,2024-03-19,C038,P09,1,2200,1430,0.0
O00831,2024-03-19,C024,P03,8,1200,760,0.0
O01611,2024-03-19,C004,P01,2,500,330,0.05
O02121,2024-03-19,C034,P08,3,900,520,0.1
O01898,2024-03-20,C029,P07,3,4200,2900,0.0
O00984,2024-03-21,C037,P04,2,1600,1040,0.05
O01186,2024-03-21,C028,P01,1,500,330,0.0
O00502,2024-03-22,C029,P08,2,900,520,0.0
O02687,2024-03-22,C035,P08,1,900,520,0.0
O01094,2024-03-23,C019,P11,8,4500,3150,0.05
O01499,2024-03-23,C021,P08,1,900,520,0.05
O02698,2024-03-23,C026,P03,2,1200,760,0.05
O02823,2024-03-23,C010,P11,4,4500,3150,0.0
O00740,2024-03-24,C026,P02,5,2800,1850,0.0
O01316,2024-03-24,C006,P05,1,3500,2300,0.0
O01494,2024-03-24,C008,P02,1,2800,1850,0.0
O01030,2024-03-25,C017,P10,2,1800,1080,0.05
O01203,2024-03-25,C019,P01,2,500,330,0.0
O01724,2024-03-25,C035,P03,1,1200,760,0.0
O02011,2024-03-25,C006,P13,4,3200,2080,0.0
O02214,2024-03-25,C025,P01,2,500,330,0.0
O01333,2024-03-26,C036,P05,8,3500,2300,0.05
O02195,2024-03-27,C002,P06,3,2400,1560,0.0
O02360,2024-03-27,C030,P08,2,900,520,0.1
O00209,2024-03-28,C032,P03,2,1200,760,0.05
O01650,2024-03-28,C038,P04,2,1600,1040,0.0
O01767,2024-03-28,C030,P13,4,3200,2080,0.05
O02692,2024-03-28,C023,P08,2,900,520,0.1
O02796,2024-03-28,C025,P08,3,900,520,0.0
O02852,2024-03-28,C015,P04,2,1600,1040,0.0
O01245,2024-03-29,C021,P11,8,4500,3150,0.0
O02718,2024-03-29,C010,P06,1,2400,1560,0.05
O02855,2024-03-29,C005,P08,1,900,520,0.0
O01068,2024-03-30,C001,P08,4,900,520,0.0
O02695,2024-03-31,C016,P04,2,1600,1040,0.0
O02922,2024-03-31,C025,P01,6,500,330,0.0
O02917,2024-04-01,C025,P11,1,4500,3150,0.0
O02363,2024-04-02,C036,P08,4,900,520,0.1
O01598,2024-04-03,C025,P06,1,2400,1560,0.05
O01883,2024-04-03,C026,P08,3,900,520,0.0
O01959,2024-04-03,C008,P01,10,500,330,0.0
O00571,2024-04-04,C033,P03,2,1200,760,0.0
O00824,2024-04-04,C037,P03,2,1200,760,0.1
O01023,2024-04-04,C001,P08,3,900,520,0.05
O02743,2024-04-04,C007,P08,2,900,520,0.0
O00086,2024-04-05,C018,P11,10,4500,3150,0.0
O01427,2024-04-05,C012,P01,1,500,330,0.0
O01892,2024-04-05,C034,P01,2,500,330,0.0
O02861,2024-04-05,C036,P06,5,2400,1560,0.05
O02955,2024-04-05,C028,P06,8,2400,1560,0.1
O00835,2024-04-06,C010,P13,1,3200,2080,0.0
O00876,2024-04-06,C004,P08,1,900,520,0.0
O01133,2024-04-06,C014,P06,8,2400,1560,0.0
O01185,2024-04-06,C017,P03,2,1200,760,0.0
O01351,2024-04-06,C034,P11,4,4500,3150,0.0
O01644,2024-04-06,C016,P04,1,1600,1040,0.0
O01679,2024-04-06,C036,P01,1,500,330,0.05
O02591,2024-04-06,C021,P05,1,3500,2300,0.1
O02956,2024-04-06,C036,P03,2,1200,760,0.0
O02490,2024-04-07,C029,P01,5,500,330,0.05
O00254,2024-04-08,C023,P11,8,4500,3150,0.05
O01561,2024-04-08,C035,P06,3,2400,1560,0.05
O01811,2024-04-08,C004,P08,6,900,520,0.05
O02167,2024-04-08,C023,P13,1,3200,2080,0.0
O02246,2024-04-08,C001,P13,5,3200,2080,0.05
O00476,2024-04-09,C007,P10,1,1800,1080,0.05
O00723,2024-04-09,C025,P11,6,4500,3150,0.0
O02904,2024-04-09,C002,P08,2,900,520,0.0
O00402,2024-04-10,C040,P03,4,1200,760,0.05
O00744,2024-04-10,C034,P05,8,3500,2300,0.0
O02531,2024-04-10,C007,P08,1,900,520,0.0
O00630,2024-04-11,C031,P09,1,2200,1430,0.0
O00732,2024-04-11,C012,P01,2,500,330,0.0
O01716,2024-04-11,C040,P03,6,1200,760,0.1
O00978,2024-04-12,C013,P07,2,4200,2900,0.0
O01343,2024-04-12,C014,P02,3,2800,1850,0.0
O01902,2024-04-12,C002,P08,5,900,520,0.0
O01907,2024-04-12,C009,P05,1,3500,2300,0.05
O02427,2024-04-12,C003,P06,1,2400,1560,0.05
O00197,2024-04-13,C012,P06,1,2400,1560,0.0
O01066,2024-04-13,C004,P11,1,4500,3150,0.0
O01515,2024-04-13,C033,P06,2,2400,1560,0.05
O00389,2024-04-14,C016,P06,2,2400,1560,0.0
O00482,2024-04-14,C028,P01,3,500,330,0.0
O01711,2024-04-14,C030,P01,1,500,330,0.0
O01929,2024-04-14,C040,P05,2,3500,2300,0.0
O02560,2024-04-14,C007,P11,1,4500,3150,0.05
O02804,2024-04-14,C036,P12,1,8000,5600,0.1
O00484,2024-04-15,C005,P08,3,900,520,0.0
O00710,2024-04-15,C028,P03,1,1200,760,0.0
O00286,2024-04-16,C028,P08,1,900,520,0.0
O01996,2024-04-16,C018,P05,2,3500,2300,0.0
O02222,2024-04-16,C037,P10,5,1800,1080,0.0
O02417,2024-04-16,C014,P11,2,4500,3150,0.0
O00273,2024-04-17,C036,P01,3,500,330,0.0
O00554,2024-04-17,C034,P10,8,1800,1080,0.0
O00776,2024-04-17,C020,P01,1,500,330,0.0
O01447,2024-04-17,C019,P07,2,4200,2900,0.0
O02250,2024-04-17,C028,P01,2,500,330,0.05
O02891,2024-04-17,C021,P03,2,1200,760,0.0
O02273,2024-04-18,C027,P13,2,3200,2080,0.0
O02282,2024-04-18,C023,P09,5,2200,1430,0.0
O02728,2024-04-19,C011,P09,4,2200,1430,0.0
O02755,2024-04-19,C032,P08,2,900,520,0.0
O02818,2024-04-19,C035,P08,5,900,520,0.0
O02974,2024-04-19,C037,P08,4,900,520,0.05
O00238,2024-04-20,C027,P09,2,2200,1430,0.05
O00501,2024-04-20,C039,P01,4,500,330,0.0
O01513,2024-04-20,C036,P08,3,900,520,0.0
O01686,2024-04-20,C038,P09,2,2200,1430,0.05
O02837,2024-04-20,C011,P13,3,3200,2080,0.05
O01097,2024-04-21,C011,P13,5,3200,2080,0.0
O01789,2024-04-21,C010,P01,2,500,330,0.0
O02399,2024-04-21,C027,P01,1,500,330,0.05
O00791,2024-04-22,C030,P13,3,3200,2080,0.05
O01064,2024-04-23,C039,P01,1,500,330,0.0
O02026,2024-04-23,C009,P10,2,1800,1080,0.0
O02484,2024-04-23,C025,P06,4,2400,1560,0.05
O00337,2024-04-24,C019,P06,1,2400,1560,0.05
O00483,2024-04-24,C030,P10,1,1800,1080,0.0
O01049,2024-04-24,C020,P06,2,2400,1560,0.1
O02421,2024-04-24,C009,P03,1,1200,760,0.05
O00079,2024-04-25,C036,P02,8,2800,1850,0.05
O00459,2024-04-25,C013,P10,3,1800,1080,0.0
O00726,2024-04-25,C021,P13,8,3200,2080,0.05
O00833,2024-04-25,C015,P01,6,500,330,0.05
O01174,2024-04-25,C032,P08,5,900,520,0.0
O00224,2024-04-26,C001,P04,4,1600,1040,0.0
O00278,2024-04-26,C040,P08,8,900,520,0.0
O01335,2024-04-26,C031,P11,2,4500,3150,0.0
O00531,2024-04-28,C011,P05,3,3500,2300,0.0
O00570,2024-04-28,C002,P03,1,1200,760,0.1
O00993,2024-04-28,C020,P06,1,2400,1560,0.0
O01366,2024-04-28,C022,P05,2,3500,2300,0.0
O02100,2024-04-29,C011,P04,3,1600,1040,0.0
O00039,2024-04-30,C001,P05,3,3500,2300,0.05
O01201,2024-04-30,C014,P11,1,4500,3150,0.0
O02106,2024-04-30,C005,P05,10,3500,2300,0.1
O02184,2024-04-30,C006,P01,1,500,330,0.0
O00447,2024-05-01,C037,P09,1,2200,1430,0.0
O00720,2024-05-01,C035,P04,1,1600,1040,0.0
O01011,2024-05-01,C031,P06,2,2400,1560,0.0
O01261,2024-05-01,C017,P10,3,1800,1080,0.1
O01354,2024-05-01,C035,P03,6,1200,760,0.0
O01510,2024-05-01,C033,P08,2,900,520,0.0
O00218,2024-05-02,C022,P02,3,2800,1850,0.0
O00667,2024-05-02,C021,P09,4,2200,1430,0.0
O01122,2024-05-02,C010,P09,4,2200,1430,0.0
O00522,2024-05-03,C004,P12,1,8000,5600,0.0
O01153,2024-05-03,C008,P12,1,8000,5600,0.1
O02811,2024-05-03,C014,P10,2,1800,1080,0.0
O01635,2024-05-04,C003,P03,2,1200,760,0.0
O02483,2024-05-04,C036,P04,2,1600,1040,0.05
O00671,2024-05-06,C013,P13,2,3200,2080,0.0
O02494,2024-05-06,C026,P05,1,3500,2300,0.05
O01314,2024-05-07,C035,P01,5,500,330,0.0
O01849,2024-05-07,C023,P03,3,1200,760,0.0
O02076,2024-05-07,C030,P03,1,1200,760,0.0
O02511,2024-05-07,C028,P11,1,4500,3150,0.1
O02538,2024-05-07,C011,P08,4,900,520,0.0
O02581,2024-05-07,C012,P09,1,2200,1430,0.0
O00555,2024-05-08,C024,P06,1,2400,1560,0.0
O01108,2024-05-08,C013,P01,1,500,330,0.0
O01137,2024-05-08,C028,P01,3,500,330,0.1
O02115,2024-05-08,C035,P08,2,900,520,0.0
O02132,2024-05-08,C022,P09,1,2200,1430,0.0
O02433,2024-05-08,C020,P11,5,4500,3150,0.0
O00228,2024-05-09,C009,P01,1,500,330,0.0
O00465,2024-05-09,C015,P07,5,4200,2900,0.0
O02166,2024-05-09,C005,P06,8,2400,1560,0.05
O02366,2024-05-09,C011,P03,5,1200,760,0.0
O00860,2024-05-10,C022,P06,2,2400,1560,0.05
O01507,2024-05-10,C015,P01,10,500,330,0.05
O02332,2024-05-10,C025,P03,2,1200,760,0.0
O02457,2024-05-10,C016,P05,3,3500,2300,0.0
O00886,2024-05-11,C014,P06,5,2400,1560,0.0
O00997,2024-05-11,C040,P01,5,500,330,0.0
O01144,2024-05-11,C005,P03,1,1200,760,0.0
O02294,2024-05-11,C012,P10,1,1800,1080,0.0
O02489,2024-05-11,C038,P13,2,3200,2080,0.0
O00578,2024-05-12,C019,P08,2,900,520,0.1
O01682,2024-05-13,C003,P11,2,4500,3150,0.0
O01872,2024-05-13,C020,P01,2,500,330,0.0
O02877,2024-05-13,C034,P07,2,4200,2900,0.0
O00336,2024-05-14,C011,P10,1,1800,1080,0.0
O01710,2024-05-14,C007,P03,8,1200,760,0.1
O02443,2024-05-14,C013,P08,2,900,520,0.0
O02725,2024-05-14,C021,P05,3,3500,2300,0.0
O00193,2024-05-15,C029,P09,1,2200,1430,0.05
O00110,2024-05-16,C016,P10,1,1800,1080,0.0
O01042,2024-05-16,C027,P08,2,900,520,0.0
O01141,2024-05-16,C023,P13,2,3200,2080,0.0
O02839,2024-05-16,C016,P05,1,3500,2300,0.0
O00285,2024-05-17,C034,P11,1,4500,3150,0.0
O01523,2024-05-17,C033,P04,1,1600,1040,0.05
O02337,2024-05-17,C017,P12,1,8000,5600,0.0
O02819,2024-05-17,C028,P04,1,1600,1040,0.0
O00172,2024-05-18,C020,P04,2,1600,1040,0.0
O02595,2024-05-18,C009,P10,1,1800,1080,0.0
O02876,2024-05-18,C008,P01,10,500,330,0.0
O01368,2024-05-19,C004,P13,8,3200,2080,0.0
O02242,2024-05-19,C003,P10,5,1800,1080,0.0
O02458,2024-05-19,C019,P01,3,500,330,0.0
O00046,2024-05-20,C035,P09,1,2200,1430,0.0
O00335,2024-05-20,C007,P04,1,1600,1040,0.0
O02335,2024-05-20,C024,P03,1,1200,760,0.0
O00157,2024-05-21,C011,P11,4,4500,3150,0.0
O00351,2024-05-21,C004,P08,6,900,520,0.05
O01193,2024-05-21,C010,P05,2,3500,2300,0.05
O00877,2024-05-22,C020,P03,2,1200,760,0.05
O01899,2024-05-22,C023,P02,2,2800,1850,0.0
O02394,2024-05-22,C004,P01,2,500,330,0.0
O00118,2024-05-23,C037,P13,3,3200,2080,0.0
O01465,2024-05-25,C002,P08,2,900,520,0.05
O01808,2024-05-25,C022,P05,1,3500,2300,0.05
O02003,2024-05-25,C032,P03,4,1200,760,0.0
O02064,2024-05-26,C013,P04,5,1600,1040,0.05
O02285,2024-05-26,C036,P04,2,1600,1040,0.0
O00517,2024-05-27,C028,P13,2,3200,2080,0.05
O01628,2024-05-27,C003,P05,2,3500,2300,0.05
O02042,2024-05-27,C036,P01,6,500,330,0.0
O02467,2024-05-27,C009,P06,2,2400,1560,0.0
O00566,2024-05-28,C002,P01,1,500,330,0.0
O02087,2024-05-28,C019,P07,8,4200,2900,0.05
O00951,2024-05-29,C025,P10,2,1800,1080,0.0
O01402,2024-05-29,C002,P09,1,2200,1430,0.0
O02017,2024-05-29,C026,P06,5,2400,1560,0.05
O02092,2024-05-29,C026,P02,3,2800,1850,0.0
O02593,2024-05-29,C017,P08,2,900,520,0.0
O00694,2024-05-30,C029,P07,1,4200,2900,0.05
O00761,2024-05-30,C002,P08,2,900,520,0.1
O02260,2024-05-30,C022,P03,5,1200,760,0.0
O01392,2024-06-01,C025,P06,3,2400,1560,0.0
O01565,2024-06-01,C024,P01,4,500,330,0.1
O02643,2024-06-01,C017,P03,1,1200,760,0.0
O02846,2024-06-01,C010,P12,4,8000,5600,0.0
O03000,2024-06-01,C017,P01,1,500,330,0.05
O00675,2024-06-02,C014,P03,1,1200,760,0.0
O00707,2024-06-02,C014,P05,6,3500,2300,0.0
O02464,2024-06-02,C011,P02,4,2800,1850,0.0
O02590,2024-06-02,C040,P08,1,900,520,0.0
O00998,2024-06-03,C040,P05,8,3500,2300,0.0
O01425,2024-06-03,C013,P13,10,3200,2080,0.0
O01693,2024-06-03,C037,P08,2,900,520,0.0
O01968,2024-06-03,C004,P08,8,900,520,0.0
O02190,2024-06-03,C005,P04,1,1600,1040,0.05
O02685,2024-06-03,C003,P13,1,3200,2080,0.0
O02707,2024-06-03,C025,P13,3,3200,2080,0.05
O00651,2024-06-04,C036,P09,3,2200,1430,0.0
O00634,2024-06-05,C011,P08,2,900,520,0.05
O01006,2024-06-05,C019,P01,3,500,330,0.05
O02088,2024-06-05,C014,P07,6,4200,2900,0.0
O02309,2024-06-05,C005,P08,1,900,520,0.0
O02859,2024-06-05,C035,P08,2,900,520,0.1
O02881,2024-06-05,C015,P10,1,1800,1080,0.1
O01390,2024-06-06,C031,P01,3,500,330,0.1
O01578,2024-06-06,C012,P05,2,3500,2300,0.05
O02821,2024-06-06,C020,P01,3,500,330,0.0
O00911,2024-06-07,C031,P13,2,3200,2080,0.0
O01280,2024-06-08,C011,P01,1,500,330,0.1
O02034,2024-06-08,C032,P11,3,4500,3150,0.0
O00735,2024-06-09,C038,P06,3,2400,1560,0.0
O01265,2024-06-09,C038,P08,8,900,520,0.1
O02640,2024-06-10,C034,P01,6,500,330,0.0
O01702,2024-06-11,C027,P05,4,3500,2300,0.0
O00525,2024-06-12,C021,P05,1,3500,2300,0.05
O01969,2024-06-12,C007,P09,1,2200,1430,0.1
O02351,2024-06-12,C037,P06,2,2400,1560,0.1
O01396,2024-06-13,C019,P04,1,1600,1040,0.0
O02050,2024-06-13,C009,P08,3,900,520,0.0
O02410,2024-06-13,C031,P13,4,3200,2080,0.0
O02532,2024-06-13,C037,P03,1,1200,760,0.0
O02907,2024-06-13,C027,P08,10,900,520,0.0
O00883,2024-06-14,C015,P01,4,500,330,0.0
O01771,2024-06-14,C014,P06,2,2400,1560,0.0
O01984,2024-06-14,C003,P01,2,500,330,0.0
O02441,2024-06-14,C029,P05,1,3500,2300,0.0
O00341,2024-06-15,C031,P05,4,3500,2300,0.0
O00369,2024-06-15,C031,P12,2,8000,5600,0.0
O01603,2024-06-15,C034,P06,3,2400,1560,0.0
O02404,2024-06-15,C019,P08,10,900,520,0.0
O00072,2024-06-16,C009,P10,4,1800,1080,0.0
O00294,2024-06-16,C007,P02,6,2800,1850,0.05
O00319,2024-06-16,C017,P05,1,3500,2300,0.0
O00629,2024-06-16,C009,P01,1,500,330,0.05
O00904,2024-06-16,C021,P08,1,900,520,0.0
O01781,2024-06-16,C010,P09,5,2200,1430,0.0
O01884,2024-06-16,C008,P10,2,1800,1080,0.0
O01940,2024-06-16,C027,P13,1,3200,2080,0.0
O02705,2024-06-16,C013,P07,1,4200,2900,0.0
O00895,2024-06-17,C025,P12,2,8000,5600,0.0
O02081,2024-06-17,C019,P10,2,1800,1080,0.0
O02918,2024-06-17,C026,P04,1,1600,1040,0.05
O02919,2024-06-17,C024,P01,2,500,330,0.0
O00154,2024-06-18,C037,P08,2,900,520,0.0
O00332,2024-06-18,C027,P10,3,1800,1080,0.0
O01477,2024-06-18,C018,P02,3,2800,1850,0.05
O01980,2024-06-18,C032,P03,3,1200,760,0.05
O02139,2024-06-18,C014,P06,2,2400,1560,0.0
O00309,2024-06-19,C024,P08,8,900,520,0.1
O01519,2024-06-19,C001,P03,3,1200,760,0.1
O01846,2024-06-19,C040,P08,5,900,520,0.0
O02676,2024-06-19,C014,P08,2,900,520,0.0
O00260,2024-06-20,C028,P08,2,900,520,0.0
O01297,2024-06-20,C029,P04,1,1600,1040,0.0
O01918,2024-06-20,C004,P13,4,3200,2080,0.05
O02696,2024-06-20,C037,P06,5,2400,1560,0.0
O00706,2024-06-21,C016,P05,4,3500,2300,0.0
O00809,2024-06-21,C025,P12,2,8000,5600,0.0
O02896,2024-06-21,C004,P02,4,2800,1850,0.0
O00712,2024-06-22,C006,P12,1,8000,5600,0.0
O02499,2024-06-22,C006,P13,2,3200,2080,0.05
O02782,2024-06-22,C021,P02,2,2800,1850,0.0
O01117,2024-06-23,C008,P09,1,2200,1430,0.0
O01135,2024-06-23,C028,P08,6,900,520,0.0
O00026,2024-06-24,C031,P05,1,3500,2300,0.05
O00074,2024-06-24,C003,P08,2,900,520,0.05
O01385,2024-06-24,C024,P03,2,1200,760,0.0
O01965,2024-06-24,C031,P08,1,900,520,0.0
O02622,2024-06-24,C028,P05,5,3500,2300,0.0
O02540,2024-06-25,C018,P01,1,500,330,0.05
O02899,2024-06-25,C015,P04,6,1600,1040,0.0
O00245,2024-06-26,C011,P09,1,2200,1430,0.0
O01004,2024-06-26,C022,P01,1,500,330,0.05
O02241,2024-06-26,C028,P08,2,900,520,0.0
O00708,2024-06-27,C013,P08,1,900,520,0.0
O00865,2024-06-27,C003,P04,1,1600,1040,0.05
O01266,2024-06-27,C027,P09,2,2200,1430,0.0
O01464,2024-06-27,C012,P05,1,3500,2300,0.0
O01911,2024-06-27,C033,P03,2,1200,760,0.05
O02806,2024-06-27,C010,P06,3,2400,1560,0.0
O02831,2024-06-27,C005,P01,3,500,330,0.0
O02951,2024-06-27,C033,P10,4,1800,1080,0.05
O00052,2024-06-28,C009,P01,2,500,330,0.0
O00514,2024-06-28,C028,P01,3,500,330,0.05
O01977,2024-06-28,C035,P05,1,3500,2300,0.0
O02892,2024-06-28,C011,P08,1,900,520,0.0
O00040,2024-06-29,C007,P10,1,1800,1080,0.0
O00421,2024-06-29,C021,P03,1,1200,760,0.0
O02847,2024-06-29,C025,P05,3,3500,2300,0.0
O01449,2024-06-30,C019,P01,6,500,330,0.0
O02082,2024-06-30,C014,P10,5,1800,1080,0.0
O00257,2024-07-01,C010,P03,1,1200,760,0.05
O00070,2024-07-02,C017,P04,1,1600,1040,0.0
O00450,2024-07-02,C036,P01,4,500,330,0.05
O01383,2024-07-02,C031,P06,5,2400,1560,0.0
O01664,2024-07-02,C008,P03,2,1200,760,0.1
O02469,2024-07-02,C040,P03,4,1200,760,0.05
O02925,2024-07-02,C014,P05,1,3500,2300,0.0
O01254,2024-07-03,C014,P08,1,900,520,0.0
O01569,2024-07-03,C037,P09,10,2200,1430,0.0
O01639,2024-07-03,C004,P09,1,2200,1430,0.0
O02429,2024-07-03,C016,P08,4,900,520,0.0
O00221,2024-07-04,C039,P04,4,1600,1040,0.0
O01171,2024-07-04,C022,P06,3,2400,1560,0.05
O02445,2024-07-04,C018,P09,6,2200,1430,0.0
O00435,2024-07-05,C006,P09,2,2200,1430,0.0
O00471,2024-07-05,C035,P11,2,4500,3150,0.0
O00562,2024-07-05,C033,P04,3,1600,1040,0.0
O01367,2024-07-05,C013,P06,1,2400,1560,0.05
O02292,2024-07-05,C015,P09,5,2200,1430,0.0
O02934,2024-07-05,C039,P03,1,1200,760,0.0
O01279,2024-07-06,C030,P10,1,1800,1080,0.0
O02061,2024-07-06,C018,P01,5,500,330,0.0
O02141,2024-07-06,C007,P05,1,3500,2300,0.0
O00029,2024-07-07,C031,P01,2,500,330,0.0
O00151,2024-07-07,C013,P01,3,500,330,0.0
O00171,2024-07-07,C038,P03,3,1200,760,0.0
O00291,2024-07-07,C040,P02,1,2800,1850,0.0
O00504,2024-07-07,C019,P10,1,1800,1080,0.0
O02939,2024-07-07,C006,P05,10,3500,2300,0.0
O02942,2024-07-07,C001,P13,8,3200,2080,0.0
O02957,2024-07-07,C026,P10,8,1800,1080,0.05
O00313,2024-07-08,C010,P08,1,900,520,0.05
O00730,2024-07-08,C037,P11,1,4500,3150,0.0
O00816,2024-07-08,C023,P01,10,500,330,0.0
O01243,2024-07-08,C040,P03,1,1200,760,0.1
O02010,2024-07-08,C009,P06,3,2400,1560,0.1
O02731,2024-07-08,C024,P12,3,8000,5600,0.0
O00901,2024-07-09,C004,P04,6,1600,1040,0.0
O01401,2024-07-09,C001,P03,2,1200,760,0.0
O01455,2024-07-09,C032,P13,3,3200,2080,0.0
O01746,2024-07-09,C040,P08,1,900,520,0.05
O02398,2024-07-09,C038,P01,2,500,330,0.0
O00352,2024-07-10,C033,P01,1,500,330,0.05
O00980,2024-07-10,C033,P08,1,900,520,0.0
O01549,2024-07-10,C016,P05,1,3500,2300,0.0
O01653,2024-07-10,C027,P07,2,4200,2900,0.0
O01971,2024-07-10,C016,P03,2,1200,760,0.1
O00621,2024-07-11,C017,P09,4,2200,1430,0.0
O01205,2024-07-11,C030,P09,2,2200,1430,0.1
O01323,2024-07-11,C011,P02,1,2800,1850,0.05
O01741,2024-07-11,C010,P13,3,3200,2080,0.1
O00011,2024-07-12,C022,P02,1,2800,1850,0.0
O00678,2024-07-12,C019,P08,2,900,520,0.0
O01485,2024-07-12,C009,P02,2,2800,1850,0.0
O02091,2024-07-12,C022,P04,3,1600,1040,0.05
O02263,2024-07-12,C006,P13,1,3200,2080,0.0
O00023,2024-07-13,C007,P04,4,1600,1040,0.0
O00315,2024-07-13,C035,P05,2,3500,2300,0.0
O02815,2024-07-13,C002,P09,2,2200,1430,0.0
O01495,2024-07-14,C017,P09,2,2200,1430,0.05
O01508,2024-07-14,C004,P06,2,2400,1560,0.0
O01773,2024-07-14,C005,P08,4,900,520,0.0
O02099,2024-07-14,C026,P10,3,1800,1080,0.0
O01111,2024-07-15,C003,P08,1,900,520,0.0
O01982,2024-07-15,C010,P10,1,1800,1080,0.1
O00042,2024-07-16,C025,P02,3,2800,1850,0.05
O00766,2024-07-16,C020,P05,6,3500,2300,0.1
O01071,2024-07-16,C027,P06,2,2400,1560,0.1
O01250,2024-07-16,C005,P09,3,2200,1430,0.0
O01817,2024-07-16,C030,P03,1,1200,760,0.05
O02625,2024-07-16,C019,P08,1,900,520,0.1
O02872,2024-07-16,C031,P10,3,1800,1080,0.0
O00129,2024-07-17,C021,P02,2,2800,1850,0.05
O00775,2024-07-17,C002,P09,1,2200,1430,0.0
O00780,2024-07-17,C033,P05,5,3500,2300,0.0
O01085,2024-07-17,C031,P11,3,4500,3150,0.0
O01597,2024-07-17,C007,P06,4,2400,1560,0.0
O02628,2024-07-18,C031,P08,2,900,520,0.0
O01318,2024-07-19,C023,P01,10,500,330,0.0
O00290,2024-07-20,C037,P04,1,1600,1040,0.0
O00104,2024-07-21,C030,P08,4,900,520,0.05
O00230,2024-07-21,C037,P08,1,900,520,0.0
O00429,2024-07-21,C014,P03,1,1200,760,0.05
O00468,2024-07-21,C022,P09,1,2200,1430,0.0
O02791,2024-07-21,C019,P03,1,1200,760,0.0
O00251,2024-07-22,C025,P02,2,2800,1850,0.0
O00789,2024-07-22,C004,P09,3,2200,1430,0.0
O01026,2024-07-22,C039,P05,2,3500,2300,0.0
O01475,2024-07-22,C005,P11,2,4500,3150,0.0
O02024,2024-07-22,C012,P09,1,2200,1430,0.0
O02724,2024-07-22,C032,P09,2,2200,1430,0.05
O02808,2024-07-22,C017,P04,2,1600,1040,0.05
O02845,2024-07-22,C024,P10,3,1800,1080,0.0
O00742,2024-07-23,C034,P12,4,8000,5600,0.1
O00015,2024-07-24,C028,P08,2,900,520,0.0
O00270,2024-07-24,C025,P04,1,1600,1040,0.05
O02422,2024-07-24,C024,P06,4,2400,1560,0.0
O00638,2024-07-25,C009,P11,2,4500,3150,0.0
O01946,2024-07-25,C004,P05,3,3500,2300,0.05
O02002,2024-07-25,C037,P01,3,500,330,0.05
O00463,2024-07-26,C014,P11,2,4500,3150,0.0
O00975,2024-07-26,C009,P10,2,1800,1080,0.0
O02700,2024-07-26,C030,P06,4,2400,1560,0.0
O01881,2024-07-27,C017,P12,1,8000,5600,0.0
O01970,2024-07-27,C031,P04,3,1600,1040,0.0
O02842,2024-07-27,C020,P03,3,1200,760,0.05
O00737,2024-07-28,C040,P02,1,2800,1850,0.0
O02125,2024-07-28,C026,P04,3,1600,1040,0.0
O00274,2024-07-29,C017,P02,4,2800,1850,0.0
O00530,2024-07-29,C012,P08,2,900,520,0.05
O01467,2024-07-29,C024,P01,1,500,330,0.0
O02810,2024-07-29,C019,P01,2,500,330,0.0
O00727,2024-07-30,C036,P10,5,1800,1080,0.0
O00854,2024-07-31,C019,P06,1,2400,1560,0.0
O01661,2024-07-31,C020,P10,1,1800,1080,0.0
O02005,2024-07-31,C035,P09,3,2200,1430,0.05
O02287,2024-07-31,C001,P04,1,1600,1040,0.0
O02522,2024-07-31,C017,P08,2,900,520,0.0
O00243,2024-08-01,C001,P03,5,1200,760,0.05
O00322,2024-08-01,C018,P06,2,2400,1560,0.0
O02001,2024-08-02,C040,P06,1,2400,1560,0.05
O02163,2024-08-02,C037,P08,6,900,520,0.0
O00399,2024-08-03,C025,P01,2,500,330,0.1
O00992,2024-08-03,C011,P03,6,1200,760,0.0
O01953,2024-08-03,C037,P05,6,3500,2300,0.1
O00069,2024-08-04,C032,P08,4,900,520,0.0
O01024,2024-08-04,C014,P01,3,500,330,0.0
O00705,2024-08-05,C029,P01,1,500,330,0.0
O01456,2024-08-05,C038,P05,2,3500,2300,0.0
O02041,2024-08-06,C028,P01,1,500,330,0.0
O02065,2024-08-06,C012,P08,1,900,520,0.0
O01537,2024-08-07,C012,P07,4,4200,2900,0.1
O01754,2024-08-07,C033,P05,1,3500,2300,0.0
O01966,2024-08-07,C026,P10,5,1800,1080,0.0
O00256,2024-08-08,C003,P01,1,500,330,0.0
O00321,2024-08-08,C003,P03,2,1200,760,0.0
O02786,2024-08-08,C022,P08,1,900,520,0.05
O00036,2024-08-09,C032,P03,5,1200,760,0.1
O00829,2024-08-09,C033,P04,3,1600,1040,0.0
O01242,2024-08-09,C029,P11,1,4500,3150,0.0
O01522,2024-08-09,C022,P08,3,900,520,0.0
O01576,2024-08-09,C036,P06,3,2400,1560,0.05
O01889,2024-08-09,C014,P01,1,500,330,0.0
O02465,2024-08-09,C016,P12,6,8000,5600,0.0
O00932,2024-08-11,C006,P01,2,500,330,0.0
O02585,2024-08-11,C034,P10,6,1800,1080,0.0
O01391,2024-08-12,C010,P09,5,2200,1430,0.1
O01814,2024-08-12,C036,P01,1,500,330,0.05
O02761,2024-08-12,C036,P04,3,1600,1040,0.05
O00317,2024-08-14,C022,P05,3,3500,2300,0.05
O01544,2024-08-14,C040,P08,1,900,520,0.0
O00423,2024-08-15,C026,P04,1,1600,1040,0.05
O00785,2024-08-15,C015,P09,6,2200,1430,0.0
O01053,2024-08-15,C032,P08,6,900,520,0.0
O01646,2024-08-15,C021,P03,6,1200,760,0.0
O01882,2024-08-15,C022,P09,2,2200,1430,0.0
O02448,2024-08-15,C038,P01,3,500,330,0.0
O00753,2024-08-16,C031,P08,2,900,520,0.0
O00881,2024-08-17,C003,P01,3,500,330,0.05
O01564,2024-08-17,C006,P01,1,500,330,0.0
O01962,2024-08-17,C019,P03,2,1200,760,0.0
O02306,2024-08-17,C004,P07,1,4200,2900,0.0
O02497,2024-08-17,C011,P09,2,2200,1430,0.1
O00469,2024-08-18,C032,P01,8,500,330,0.05
O01182,2024-08-18,C011,P10,5,1800,1080,0.0
O02043,2024-08-18,C007,P02,6,2800,1850,0.0
O02384,2024-08-18,C027,P10,1,1800,1080,0.0
O00215,2024-08-19,C017,P01,2,500,330,0.1
O00893,2024-08-19,C007,P08,1,900,520,0.0
O01048,2024-08-19,C028,P01,3,500,330,0.0
O01272,2024-08-19,C033,P08,2,900,520,0.0
O01347,2024-08-19,C008,P01,1,500,330,0.05
O01504,2024-08-19,C025,P05,4,3500,2300,0.0
O00923,2024-08-20,C024,P01,1,500,330,0.0
O01184,2024-08-20,C008,P01,5,500,330,0.0
O01324,2024-08-20,C007,P03,5,1200,760,0.05
O02571,2024-08-20,C037,P02,1,2800,1850,0.0
O00188,2024-08-21,C036,P06,1,2400,1560,0.0
O00655,2024-08-21,C010,P11,4,4500,3150,0.0
O01248,2024-08-21,C031,P10,1,1800,1080,0.0
O02232,2024-08-21,C015,P06,3,2400,1560,0.1
O00137,2024-08-22,C023,P10,1,1800,1080,0.1
O00244,2024-08-22,C037,P01,2,500,330,0.05
O01295,2024-08-22,C033,P08,1,900,520,0.1
O01559,2024-08-22,C039,P09,1,2200,1430,0.0
O02108,2024-08-22,C016,P05,2,3500,2300,0.0
O02824,2024-08-22,C030,P07,2,4200,2900,0.0
O02914,2024-08-22,C040,P12,2,8000,5600,0.05
O01081,2024-08-23,C010,P03,1,1200,760,0.05
O01555,2024-08-23,C040,P01,6,500,330,0.0
O02009,2024-08-23,C030,P02,3,2800,1850,0.0
O00523,2024-08-24,C021,P10,1,1800,1080,0.1
O00957,2024-08-24,C013,P02,1,2800,1850,0.1
O02424,2024-08-24,C023,P04,6,1600,1040,0.05
O02434,2024-08-24,C004,P10,3,1800,1080,0.0
O01162,2024-08-25,C014,P05,1,3500,2300,0.0
O01815,2024-08-25,C039,P03,3,1200,760,0.1
O02188,2024-08-25,C025,P05,5,3500,2300,0.0
O00680,2024-08-26,C018,P08,5,900,520,0.1
O01687,2024-08-26,C033,P10,1,1800,1080,0.1
O02933,2024-08-26,C038,P13,3,3200,2080,0.0
O02224,2024-08-28,C038,P03,5,1200,760,0.05
O00572,2024-08-29,C024,P07,1,4200,2900,0.0
O02920,2024-08-29,C008,P01,1,500,330,0.0
O01101,2024-08-30,C034,P09,2,2200,1430,0.0
O01327,2024-08-30,C006,P11,10,4500,3150,0.0
O02172,2024-08-30,C028,P08,5,900,520,0.1
O02288,2024-08-30,C001,P08,1,900,520,0.0
O02554,2024-08-30,C033,P05,1,3500,2300,0.0
O02672,2024-08-30,C014,P05,5,3500,2300,0.0
O01204,2024-08-31,C022,P01,4,500,330,0.0
O01241,2024-08-31,C040,P04,2,1600,1040,0.0
O01428,2024-08-31,C013,P11,4,4500,3150,0.05
O01605,2024-08-31,C023,P01,8,500,330,0.0
O01673,2024-08-31,C036,P01,3,500,330,0.0
O02164,2024-08-31,C020,P08,3,900,520,0.05
O02308,2024-08-31,C032,P04,3,1600,1040,0.05
O02720,2024-08-31,C016,P04,1,1600,1040,0.0
O00866,2024-09-01,C015,P04,8,1600,1040,0.05
O00248,2024-09-02,C020,P08,3,900,520,0.0
O00989,2024-09-02,C004,P04,1,1600,1040,0.1
O02176,2024-09-02,C003,P01,2,500,330,0.05
O02748,2024-09-02,C025,P01,3,500,330,0.0
O02760,2024-09-02,C016,P10,3,1800,1080,0.05
O02875,2024-09-02,C017,P08,5,900,520,0.0
O00636,2024-09-03,C021,P09,1,2200,1430,0.1
O00646,2024-09-03,C010,P12,3,8000,5600,0.05
O00818,2024-09-03,C032,P03,1,1200,760,0.0
O02446,2024-09-03,C020,P02,2,2800,1850,0.1
O02836,2024-09-03,C008,P06,1,2400,1560,0.0
O00247,2024-09-04,C019,P01,4,500,330,0.0
O01807,2024-09-04,C007,P04,1,1600,1040,0.05
O01869,2024-09-04,C038,P01,1,500,330,0.0
O02372,2024-09-04,C019,P12,1,8000,5600,0.05
O00253,2024-09-05,C011,P11,3,4500,3150,0.0
O00815,2024-09-05,C040,P08,5,900,520,0.1
O01381,2024-09-05,C022,P08,1,900,520,0.0
O02435,2024-09-05,C027,P05,4,3500,2300,0.0
O00490,2024-09-06,C005,P03,2,1200,760,0.05
O01435,2024-09-06,C027,P05,8,3500,2300,0.0
O01480,2024-09-06,C023,P07,2,4200,2900,0.05
O01614,2024-09-06,C031,P06,6,2400,1560,0.0
O02307,2024-09-07,C019,P01,1,500,330,0.0
O02521,2024-09-07,C009,P02,1,2800,1850,0.0
O02830,2024-09-07,C002,P07,2,4200,2900,0.1
O00794,2024-09-08,C023,P01,1,500,330,0.0
O00959,2024-09-08,C018,P09,1,2200,1430,0.0
O01774,2024-09-08,C036,P06,10,2400,1560,0.0
O01827,2024-09-08,C020,P12,3,8000,5600,0.0
O00027,2024-09-09,C036,P12,3,8000,5600,0.0
O01247,2024-09-09,C007,P01,4,500,330,0.05
O01937,2024-09-09,C023,P04,8,1600,1040,0.0
O00292,2024-09-10,C011,P01,1,500,330,0.0
O00495,2024-09-10,C004,P01,2,500,330,0.0
O01904,2024-09-10,C030,P05,1,3500,2300,0.0
O02378,2024-09-10,C015,P05,4,3500,2300,0.0
O01727,2024-09-11,C009,P03,1,1200,760,0.0
O00033,2024-09-12,C020,P03,6,1200,760,0.0
O00148,2024-09-12,C022,P03,10,1200,760,0.0
O00440,2024-09-12,C032,P06,1,2400,1560,0.0
O00693,2024-09-12,C036,P08,1,900,520,0.05
O00933,2024-09-12,C038,P10,8,1800,1080,0.0
O02358,2024-09-12,C020,P01,2,500,330,0.05
O00249,2024-09-13,C014,P12,1,8000,5600,0.0
O00535,2024-09-13,C015,P08,2,900,520,0.05
O01073,2024-09-13,C038,P05,3,3500,2300,0.0
O01095,2024-09-13,C022,P04,3,1600,1040,0.0
O01216,2024-09-13,C034,P01,1,500,330,0.0
O01621,2024-09-13,C026,P08,2,900,520,0.05
O02126,2024-09-13,C027,P01,2,500,330,0.1
O02452,2024-09-14,C013,P05,1,3500,2300,0.0
O00065,2024-09-15,C040,P09,1,2200,1430,0.0
O00289,2024-09-15,C027,P05,1,3500,2300,0.0
O00414,2024-09-15,C027,P10,5,1800,1080,0.0
O01788,2024-09-15,C006,P01,3,500,330,0.0
O02631,2024-09-15,C011,P01,6,500,330,0.05
O01014,2024-09-16,C025,P03,2,1200,760,0.1
O01051,2024-09-16,C018,P08,2,900,520,0.0
O01398,2024-09-16,C035,P10,1,1800,1080,0.1
O01806,2024-09-16,C027,P05,2,3500,2300,0.0
O02369,2024-09-16,C008,P01,1,500,330,0.0
O02403,2024-09-16,C024,P03,2,1200,760,0.0
O02603,2024-09-16,C025,P05,1,3500,2300,0.0
O02615,2024-09-16,C025,P01,4,500,330,0.1
O00142,2024-09-17,C027,P07,5,4200,2900,0.1
O00395,2024-09-17,C034,P05,1,3500,2300,0.1
O00996,2024-09-17,C014,P01,5,500,330,0.0
O01210,2024-09-17,C010,P06,5,2400,1560,0.0
O01239,2024-09-17,C003,P01,2,500,330,0.0
O02953,2024-09-17,C005,P07,3,4200,2900,0.1
O00143,2024-09-18,C011,P05,6,3500,2300,0.0
O00507,2024-09-18,C019,P09,4,2200,1430,0.0
O01164,2024-09-18,C022,P02,2,2800,1850,0.0
O01798,2024-09-18,C040,P01,2,500,330,0.0
O01855,2024-09-18,C011,P10,3,1800,1080,0.0
O01029,2024-09-19,C025,P02,3,2800,1850,0.0
O02450,2024-09-19,C005,P01,1,500,330,0.0
O02646,2024-09-19,C007,P03,10,1200,760,0.05
O02733,2024-09-19,C036,P09,4,2200,1430,0.0
O01931,2024-09-20,C040,P08,4,900,520,0.0
O02000,2024-09-20,C032,P03,3,1200,760,0.0
O02588,2024-09-20,C027,P10,3,1800,1080,0.05
O00425,2024-09-21,C012,P08,8,900,520,0.0
O00442,2024-09-21,C030,P08,4,900,520,0.05
O01750,2024-09-21,C023,P03,6,1200,760,0.0
O02958,2024-09-21,C016,P03,3,1200,760,0.1
O00477,2024-09-22,C013,P13,2,3200,2080,0.05
O01776,2024-09-22,C009,P08,3,900,520,0.05
O00275,2024-09-23,C014,P01,4,500,330,0.0
O00373,2024-09-23,C033,P04,5,1600,1040,0.0
O00534,2024-09-23,C002,P10,1,1800,1080,0.0
O02032,2024-09-23,C020,P04,4,1600,1040,0.0
O02474,2024-09-23,C011,P05,3,3500,2300,0.05
O02533,2024-09-23,C026,P11,1,4500,3150,0.0
O02871,2024-09-23,C031,P09,2,2200,1430,0.05
O00298,2024-09-24,C021,P10,1,1800,1080,0.0
O01543,2024-09-24,C017,P04,1,1600,1040,0.05
O02234,2024-09-24,C002,P07,8,4200,2900,0.05
O02559,2024-09-24,C035,P06,3,2400,1560,0.0
O02665,2024-09-24,C021,P10,8,1800,1080,0.0
O00576,2024-09-25,C018,P09,2,2200,1430,0.0
O00653,2024-09-25,C009,P11,2,4500,3150,0.05
O01289,2024-09-25,C036,P01,5,500,330,0.1
O01880,2024-09-25,C017,P05,6,3500,2300,0.0
O02067,2024-09-25,C016,P03,1,1200,760,0.0
O02101,2024-09-25,C017,P12,5,8000,5600,0.0
O00272,2024-09-26,C014,P02,4,2800,1850,0.05
O01487,2024-09-26,C040,P05,1,3500,2300,0.1
O00823,2024-09-27,C026,P06,1,2400,1560,0.0
O01175,2024-09-27,C032,P01,1,500,330,0.05
O00995,2024-09-28,C014,P06,2,2400,1560,0.0
O01040,2024-09-28,C029,P01,2,500,330,0.0
O00749,2024-09-29,C017,P01,2,500,330,0.0
O01157,2024-09-29,C016,P06,4,2400,1560,0.05
O01525,2024-09-29,C007,P05,6,3500,2300,0.0
O01861,2024-09-29,C029,P05,2,3500,2300,0.0
O02200,2024-09-29,C033,P02,4,2800,1850,0.0
O02763,2024-09-29,C033,P05,2,3500,2300,0.05
O00597,2024-09-30,C037,P05,5,3500,2300,0.05
O00718,2024-09-30,C017,P08,3,900,520,0.1
O00750,2024-09-30,C017,P08,1,900,520,0.1
O01352,2024-09-30,C012,P10,1,1800,1080,0.0
O01751,2024-09-30,C037,P11,10,4500,3150,0.0
O02278,2024-09-30,C004,P07,1,4200,2900,0.0
O02326,2024-09-30,C007,P09,1,2200,1430,0.1
O00116,2024-10-01,C029,P11,4,4500,3150,0.0
O01536,2024-10-01,C005,P03,4,1200,760,0.0
O01878,2024-10-01,C032,P02,8,2800,1850,0.1
O02479,2024-10-01,C003,P02,6,2800,1850,0.0
O02648,2024-10-01,C027,P11,4,4500,3150,0.0
O00519,2024-10-02,C018,P08,2,900,520,0.0
O00547,2024-10-02,C023,P06,3,2400,1560,0.0
O00967,2024-10-02,C024,P09,10,2200,1430,0.0
O01149,2024-10-02,C035,P03,3,1200,760,0.0
O01353,2024-10-02,C019,P09,1,2200,1430,0.0
O01812,2024-10-02,C021,P08,1,900,520,0.05
O01985,2024-10-02,C015,P05,1,3500,2300,0.05
O02111,2024-10-02,C008,P06,4,2400,1560,0.0
O02386,2024-10-02,C003,P08,6,900,520,0.0
O00149,2024-10-03,C012,P03,1,1200,760,0.0
O00618,2024-10-03,C028,P03,1,1200,760,0.0
O00668,2024-10-03,C034,P01,8,500,330,0.0
O00786,2024-10-03,C029,P09,1,2200,1430,0.0
O01583,2024-10-03,C035,P08,3,900,520,0.0
O02649,2024-10-03,C039,P03,4,1200,760,0.0
O02908,2024-10-03,C039,P05,2,3500,2300,0.0
O00179,2024-10-04,C010,P10,4,1800,1080,0.1
O00390,2024-10-04,C024,P06,3,2400,1560,0.05
O00724,2024-10-04,C033,P04,1,1600,1040,0.1
O00891,2024-10-04,C035,P02,8,2800,1850,0.0
O01214,2024-10-04,C035,P13,2,3200,2080,0.0
O01256,2024-10-04,C034,P06,3,2400,1560,0.1
O02864,2024-10-04,C027,P04,1,1600,1040,0.0
O00326,2024-10-05,C006,P01,3,500,330,0.0
O00593,2024-10-05,C034,P07,3,4200,2900,0.0
O00669,2024-10-05,C006,P10,1,1800,1080,0.0
O01433,2024-10-05,C040,P11,2,4500,3150,0.0
O01765,2024-10-05,C030,P04,3,1600,1040,0.0
O02230,2024-10-05,C040,P08,1,900,520,0.0
O02290,2024-10-05,C011,P06,2,2400,1560,0.1
O02699,2024-10-05,C018,P08,2,900,520,0.05
O02772,2024-10-05,C034,P13,3,3200,2080,0.05
O02813,2024-10-05,C016,P09,2,2200,1430,0.0
O00094,2024-10-06,C023,P06,2,2400,1560,0.0
O00664,2024-10-06,C022,P07,5,4200,2900,0.0
O01589,2024-10-06,C005,P03,4,1200,760,0.0
O01668,2024-10-06,C022,P13,2,3200,2080,0.0
O01747,2024-10-06,C020,P08,2,900,520,0.05
O02503,2024-10-06,C037,P08,2,900,520,0.0
O00204,2024-10-07,C027,P12,5,8000,5600,0.0
O00305,2024-10-07,C005,P05,3,3500,2300,0.0
O00820,2024-10-07,C031,P08,2,900,520,0.0
O01010,2024-10-07,C020,P04,3,1600,1040,0.1
O01373,2024-10-07,C024,P07,4,4200,2900,0.0
O00083,2024-10-08,C039,P04,2,1600,1040,0.1
O00287,2024-10-08,C033,P06,4,2400,1560,0.0
O00688,2024-10-08,C032,P05,2,3500,2300,0.0
O00852,2024-10-08,C035,P09,2,2200,1430,0.0
O00941,2024-10-08,C029,P01,1,500,330,0.0
O01063,2024-10-08,C001,P09,1,2200,1430,0.05
O01372,2024-10-08,C031,P01,8,500,330,0.0
O01387,2024-10-08,C014,P04,6,1600,1040,0.0
O01625,2024-10-08,C008,P09,1,2200,1430,0.05
O01894,2024-10-08,C015,P11,10,4500,3150,0.0
O02316,2024-10-08,C017,P06,3,2400,1560,0.0
O00559,2024-10-09,C014,P10,1,1800,1080,0.0
O00697,2024-10-09,C037,P04,1,1600,1040,0.0
O01307,2024-10-09,C022,P08,3,900,520,0.0
O01500,2024-10-09,C028,P05,1,3500,2300,0.0
O01963,2024-10-09,C034,P11,4,4500,3150,0.05
O02374,2024-10-09,C001,P13,5,3200,2080,0.1
O02749,2024-10-09,C005,P11,2,4500,3150,0.0
O00558,2024-10-10,C034,P07,2,4200,2900,0.05
O00714,2024-10-10,C019,P06,4,2400,1560,0.0
O01534,2024-10-10,C034,P01,1,500,330,0.0
O01813,2024-10-10,C024,P01,3,500,330,0.1
O02624,2024-10-10,C014,P01,6,500,330,0.0
O00328,2024-10-11,C029,P10,1,1800,1080,0.05
O01234,2024-10-11,C002,P04,1,1600,1040,0.0
O01942,2024-10-11,C021,P08,5,900,520,0.1
O02901,2024-10-11,C002,P02,3,2800,1850,0.0
O01021,2024-10-12,C025,P01,5,500,330,0.1
O01086,2024-10-12,C008,P09,1,2200,1430,0.0
O01211,2024-10-12,C027,P06,5,2400,1560,0.0
O02257,2024-10-12,C020,P03,6,1200,760,0.0
O02680,2024-10-12,C022,P03,3,1200,760,0.0
O00090,2024-10-13,C015,P05,3,3500,2300,0.0
O00093,2024-10-13,C010,P11,6,4500,3150,0.05
O00190,2024-10-13,C015,P02,5,2800,1850,0.0
O00432,2024-10-13,C012,P01,2,500,330,0.0
O00446,2024-10-13,C016,P01,2,500,330,0.0
O00821,2024-10-13,C014,P08,1,900,520,0.05
O01052,2024-10-13,C022,P13,5,3200,2080,0.05
O01413,2024-10-13,C014,P11,6,4500,3150,0.0
O02180,2024-10-13,C037,P11,10,4500,3150,0.0
O00378,2024-10-14,C006,P12,3,8000,5600,0.0
O01706,2024-10-14,C016,P01,1,500,330,0.0
O01844,2024-10-14,C036,P01,3,500,330,0.0
O02788,2024-10-14,C008,P07,4,4200,2900,0.05
O00353,2024-10-15,C014,P10,10,1800,1080,0.1
O00602,2024-10-15,C015,P08,6,900,520,0.0
O01395,2024-10-15,C004,P11,3,4500,3150,0.0
O01516,2024-10-15,C030,P03,6,1200,760,0.0
O01600,2024-10-15,C011,P10,8,1800,1080,0.1
O01917,2024-10-15,C014,P08,1,900,520,0.05
O02614,2024-10-15,C034,P05,3,3500,2300,0.05
O00003,2024-10-16,C039,P03,8,1200,760,0.05
O00308,2024-10-16,C002,P06,6,2400,1560,0.0
O01065,2024-10-16,C003,P06,1,2400,1560,0.0
O02387,2024-10-16,C020,P05,2,3500,2300,0.0
O00203,2024-10-17,C027,P08,8,900,520,0.0
O00807,2024-10-17,C007,P02,3,2800,1850,0.05
O01045,2024-10-17,C012,P01,2,500,330,0.0
O01691,2024-10-17,C031,P08,2,900,520,0.1
O01825,2024-10-17,C008,P08,1,900,520,0.1
O01901,2024-10-17,C026,P05,1,3500,2300,0.0
O02128,2024-10-17,C009,P10,5,1800,1080,0.0
O02265,2024-10-17,C017,P04,1,1600,1040,0.0
O02380,2024-10-17,C012,P04,3,1600,1040,0.0
O00473,2024-10-18,C026,P01,8,500,330,0.0
O01432,2024-10-18,C029,P03,5,1200,760,0.05
O02057,2024-10-18,C039,P05,2,3500,2300,0.0
O02313,2024-10-18,C035,P04,2,1600,1040,0.0
O02438,2024-10-18,C018,P09,4,2200,1430,0.0
O02481,2024-10-18,C014,P08,2,900,520,0.0
O00067,2024-10-19,C013,P12,2,8000,5600,0.0
O00163,2024-10-19,C026,P03,4,1200,760,0.05
O00403,2024-10-19,C030,P05,1,3500,2300,0.05
O00736,2024-10-19,C039,P10,2,1800,1080,0.1
O01119,2024-10-19,C009,P01,3,500,330,0.0
O01374,2024-10-19,C034,P09,5,2200,1430,0.0
O01459,2024-10-19,C026,P01,2,500,330,0.0
O01560,2024-10-19,C014,P04,2,1600,1040,0.0
O01903,2024-10-19,C035,P01,3,500,330,0.05
O02734,2024-10-19,C026,P09,1,2200,1430,0.0
O02759,2024-10-19,C037,P10,8,1800,1080,0.0
O00755,2024-10-20,C004,P05,2,3500,2300,0.0
O00768,2024-10-20,C037,P05,1,3500,2300,0.0
O00828,2024-10-20,C004,P01,3,500,330,0.0
O00958,2024-10-20,C008,P11,3,4500,3150,0.1
O01027,2024-10-20,C023,P09,1,2200,1430,0.1
O01529,2024-10-20,C027,P08,1,900,520,0.0
O02102,2024-10-20,C007,P03,4,1200,760,0.0
O02739,2024-10-20,C003,P06,4,2400,1560,0.05
O02779,2024-10-20,C016,P06,1,2400,1560,0.0
O02863,2024-10-20,C002,P03,4,1200,760,0.05
O02870,2024-10-20,C008,P09,3,2200,1430,0.0
O00059,2024-10-21,C019,P03,4,1200,760,0.0
O00427,2024-10-21,C025,P04,1,1600,1040,0.0
O00596,2024-10-21,C027,P01,6,500,330,0.05
O00703,2024-10-21,C037,P07,2,4200,2900,0.0
O01617,2024-10-21,C013,P06,6,2400,1560,0.0
O01927,2024-10-21,C025,P02,1,2800,1850,0.0
O02656,2024-10-21,C005,P02,6,2800,1850,0.0
O00913,2024-10-22,C001,P01,5,500,330,0.1
O00919,2024-10-22,C026,P05,2,3500,2300,0.1
O01244,2024-10-22,C012,P02,10,2800,1850,0.05
O01269,2024-10-22,C013,P01,1,500,330,0.0
O01484,2024-10-22,C015,P07,2,4200,2900,0.0
O01885,2024-10-22,C028,P05,2,3500,2300,0.05
O01994,2024-10-22,C029,P13,5,3200,2080,0.0
O02392,2024-10-22,C008,P10,6,1800,1080,0.05
O02736,2024-10-22,C027,P05,1,3500,2300,0.05
O00338,2024-10-23,C029,P04,2,1600,1040,0.0
O00734,2024-10-23,C038,P03,5,1200,760,0.0
O02142,2024-10-23,C031,P05,8,3500,2300,0.0
O02800,2024-10-23,C002,P11,6,4500,3150,0.0
O02898,2024-10-23,C031,P05,4,3500,2300,0.0
O00956,2024-10-24,C029,P08,1,900,520,0.0
O01177,2024-10-24,C028,P04,2,1600,1040,0.05
O01290,2024-10-24,C001,P09,5,2200,1430,0.1
O01476,2024-10-24,C010,P05,1,3500,2300,0.0
O02627,2024-10-24,C040,P09,5,2200,1430,0.1
O02916,2024-10-24,C017,P08,4,900,520,0.0
O00845,2024-10-25,C009,P06,2,2400,1560,0.0
O00846,2024-10-25,C024,P10,1,1800,1080,0.0
O00847,2024-10-25,C036,P10,2,1800,1080,0.0
O01207,2024-10-25,C022,P06,1,2400,1560,0.0
O01415,2024-10-25,C013,P03,1,1200,760,0.0
O00053,2024-10-26,C013,P01,2,500,330,0.1
O00487,2024-10-26,C008,P04,8,1600,1040,0.0
O01089,2024-10-26,C001,P06,5,2400,1560,0.0
O01166,2024-10-26,C008,P03,8,1200,760,0.0
O01190,2024-10-26,C027,P03,1,1200,760,0.0
O01376,2024-10-26,C013,P06,1,2400,1560,0.0
O01723,2024-10-26,C033,P02,2,2800,1850,0.0
O01867,2024-10-26,C004,P12,3,8000,5600,0.0
O02239,2024-10-26,C009,P01,2,500,330,0.05
O02569,2024-10-26,C028,P08,5,900,520,0.0
O02775,2024-10-26,C008,P10,5,1800,1080,0.0
O00176,2024-10-27,C002,P03,4,1200,760,0.0
O00681,2024-10-27,C010,P07,5,4200,2900,0.0
O00851,2024-10-27,C017,P01,3,500,330,0.0
O01735,2024-10-27,C005,P01,1,500,330,0.0
O01895,2024-10-27,C026,P05,2,3500,2300,0.05
O02947,2024-10-27,C018,P03,1,1200,760,0.05
O00512,2024-10-28,C038,P04,8,1600,1040,0.05
O00515,2024-10-28,C037,P08,2,900,520,0.0
O01020,2024-10-28,C033,P13,1,3200,2080,0.0
O01312,2024-10-28,C016,P13,1,3200,2080,0.05
O02742,2024-10-28,C033,P07,4,4200,2900,0.0
O02799,2024-10-28,C024,P03,10,1200,760,0.1
O00461,2024-10-29,C013,P12,2,8000,5600,0.05
O01003,2024-10-29,C008,P11,2,4500,3150,0.0
O01114,2024-10-29,C013,P01,2,500,330,0.05
O01394,2024-10-29,C036,P04,1,1600,1040,0.0
O01955,2024-10-29,C039,P10,4,1800,1080,0.0
O02338,2024-10-29,C018,P01,6,500,330,0.0
O02542,2024-10-29,C016,P01,4,500,330,0.0
O01055,2024-10-30,C039,P01,2,500,330,0.05
O01313,2024-10-30,C027,P02,6,2800,1850,0.1
O01490,2024-10-30,C010,P01,1,500,330,0.1
O01720,2024-10-30,C030,P12,3,8000,5600,0.0
O02078,2024-10-30,C025,P03,10,1200,760,0.0
O02526,2024-10-30,C029,P01,8,500,330,0.0
O02641,2024-10-30,C032,P01,2,500,330,0.0
O00355,2024-10-31,C016,P13,2,3200,2080,0.0
O00592,2024-10-31,C009,P08,1,900,520,0.05
O00879,2024-10-31,C021,P03,1,1200,760,0.0
O00990,2024-10-31,C005,P06,1,2400,1560,0.0
O01414,2024-10-31,C023,P01,1,500,330,0.0
O01862,2024-10-31,C008,P12,3,8000,5600,0.0
O02207,2024-10-31,C008,P08,1,900,520,0.0
O02470,2024-10-31,C023,P07,2,4200,2900,0.0
O00108,2024-11-01,C036,P01,1,500,330,0.0
O00132,2024-11-01,C001,P10,2,1800,1080,0.05
O00164,2024-11-01,C002,P06,1,2400,1560,0.05
O00540,2024-11-01,C006,P04,1,1600,1040,0.1
O01017,2024-11-01,C021,P08,8,900,520,0.05
O01046,2024-11-01,C036,P05,1,3500,2300,0.1
O01309,2024-11-01,C018,P03,2,1200,760,0.1
O01775,2024-11-01,C035,P10,2,1800,1080,0.05
O01939,2024-11-01,C034,P09,4,2200,1430,0.0
O02158,2024-11-01,C010,P01,1,500,330,0.0
O00426,2024-11-02,C017,P03,3,1200,760,0.0
O01208,2024-11-02,C003,P02,1,2800,1850,0.0
O02030,2024-11-02,C033,P07,5,4200,2900,0.1
O02036,2024-11-02,C034,P08,4,900,520,0.0
O02674,2024-11-02,C030,P01,1,500,330,0.0
O00902,2024-11-03,C027,P04,1,1600,1040,0.05
O01355,2024-11-03,C029,P05,1,3500,2300,0.1
O01361,2024-11-03,C035,P02,1,2800,1850,0.0
O01483,2024-11-03,C006,P05,3,3500,2300,0.05
O01610,2024-11-03,C016,P07,2,4200,2900,0.0
O02327,2024-11-03,C019,P08,6,900,520,0.05
O00277,2024-11-04,C004,P01,3,500,330,0.0
O00342,2024-11-04,C015,P09,2,2200,1430,0.0
O00607,2024-11-04,C017,P07,1,4200,2900,0.1
O01575,2024-11-04,C009,P07,2,4200,2900,0.05
O01669,2024-11-04,C002,P08,2,900,520,0.0
O02461,2024-11-04,C023,P01,2,500,330,0.0
O02475,2024-11-04,C026,P01,3,500,330,0.05
O00374,2024-11-05,C019,P05,2,3500,2300,0.0
O00698,2024-11-05,C030,P06,8,2400,1560,0.05
O01145,2024-11-05,C005,P08,1,900,520,0.1
O01231,2024-11-05,C011,P01,3,500,330,0.0
O01329,2024-11-05,C002,P02,1,2800,1850,0.05
O02216,2024-11-05,C033,P08,1,900,520,0.0
O02413,2024-11-05,C006,P01,4,500,330,0.1
O02978,2024-11-05,C023,P06,2,2400,1560,0.1
O01129,2024-11-06,C033,P01,2,500,330,0.0
O01615,2024-11-06,C024,P01,2,500,330,0.1
O02575,2024-11-06,C010,P06,5,2400,1560,0.0
O00024,2024-11-07,C018,P08,3,900,520,0.1
O01222,2024-11-07,C038,P07,1,4200,2900,0.0
O01642,2024-11-07,C010,P01,3,500,330,0.0
O02330,2024-11-07,C015,P01,1,500,330,0.05
O00098,2024-11-08,C020,P08,3,900,520,0.0
O00510,2024-11-08,C017,P01,2,500,330,0.0
O00764,2024-11-08,C027,P01,2,500,330,0.0
O01138,2024-11-08,C037,P10,1,1800,1080,0.0
O01506,2024-11-08,C029,P11,1,4500,3150,0.05
O01764,2024-11-08,C017,P01,2,500,330,0.1
O01787,2024-11-08,C002,P11,2,4500,3150,0.0
O02381,2024-11-08,C039,P13,1,3200,2080,0.05
O00771,2024-11-09,C007,P01,2,500,330,0.0
O00930,2024-11-09,C028,P10,1,1800,1080,0.0
O01604,2024-11-09,C023,P10,2,1800,1080,0.1
O01689,2024-11-09,C035,P03,3,1200,760,0.0
O01700,2024-11-09,C011,P05,2,3500,2300,0.05
O01737,2024-11-09,C002,P11,2,4500,3150,0.05
O01923,2024-11-09,C022,P06,1,2400,1560,0.0
O02927,2024-11-09,C038,P09,1,2200,1430,0.0
O00087,2024-11-10,C034,P01,1,500,330,0.0
O00968,2024-11-10,C029,P09,3,2200,1430,0.0
O01195,2024-11-10,C018,P03,1,1200,760,0.1
O01497,2024-11-10,C008,P05,1,3500,2300,0.0
O01663,2024-11-10,C023,P08,1,900,520,0.0
O00200,2024-11-11,C032,P01,5,500,330,0.05
O00400,2024-11-11,C037,P01,2,500,330,0.1
O00479,2024-11-11,C035,P13,1,3200,2080,0.0
O00586,2024-11-11,C040,P08,1,900,520,0.1
O01172,2024-11-11,C037,P08,1,900,520,0.05
O01734,2024-11-11,C027,P08,3,900,520,0.0
O02165,2024-11-11,C040,P11,2,4500,3150,0.0
O02217,2024-11-11,C031,P03,2,1200,760,0.0
O02329,2024-11-11,C018,P01,2,500,330,0.1
O02792,2024-11-11,C034,P08,3,900,520,0.05
O01221,2024-11-12,C018,P08,2,900,520,0.0
O02223,2024-11-12,C035,P06,2,2400,1560,0.0
O00614,2024-11-13,C017,P04,1,1600,1040,0.0
O00796,2024-11-13,C004,P06,4,2400,1560,0.0
O01558,2024-11-13,C020,P05,2,3500,2300,0.0
O02809,2024-11-13,C027,P13,1,3200,2080,0.0
O02894,2024-11-13,C037,P05,6,3500,2300,0.0
O00529,2024-11-14,C009,P01,1,500,330,0.1
O00548,2024-11-14,C033,P08,2,900,520,0.0
O00666,2024-11-14,C006,P05,2,3500,2300,0.1
O01283,2024-11-14,C002,P13,1,3200,2080,0.0
O00117,2024-11-15,C026,P08,10,900,520,0.0
O00699,2024-11-15,C026,P05,2,3500,2300,0.0
O00903,2024-11-15,C003,P06,2,2400,1560,0.0
O01745,2024-11-15,C005,P12,2,8000,5600,0.0
O02259,2024-11-15,C034,P10,1,1800,1080,0.05
O00613,2024-11-16,C008,P02,2,2800,1850,0.0
O00719,2024-11-16,C020,P13,1,3200,2080,0.0
O00811,2024-11-16,C018,P05,3,3500,2300,0.0
O01411,2024-11-16,C026,P04,2,1600,1040,0.0
O01521,2024-11-16,C006,P13,1,3200,2080,0.0
O01997,2024-11-16,C023,P08,4,900,520,0.05
O02664,2024-11-16,C034,P06,4,2400,1560,0.0
O00136,2024-11-17,C011,P06,2,2400,1560,0.0
O00485,2024-11-17,C027,P05,2,3500,2300,0.0
O00832,2024-11-17,C023,P09,10,2200,1430,0.05
O00839,2024-11-17,C026,P05,1,3500,2300,0.05
O01620,2024-11-17,C022,P08,2,900,520,0.0
O02249,2024-11-17,C033,P06,8,2400,1560,0.0
O02713,2024-11-17,C011,P05,2,3500,2300,0.0
O00081,2024-11-18,C010,P05,1,3500,2300,0.05
O00144,2024-11-18,C025,P06,2,2400,1560,0.05
O00281,2024-11-18,C001,P05,2,3500,2300,0.0
O00849,2024-11-18,C029,P05,1,3500,2300,0.05
O02171,2024-11-18,C003,P03,2,1200,760,0.0
O02405,2024-11-18,C007,P05,1,3500,2300,0.0
O02754,2024-11-18,C034,P05,4,3500,2300,0.0
O00018,2024-11-19,C012,P03,5,1200,760,0.0
O01206,2024-11-19,C018,P12,3,8000,5600,0.0
O02971,2024-11-19,C009,P02,2,2800,1850,0.0
O00404,2024-11-20,C034,P05,3,3500,2300,0.05
O00795,2024-11-20,C001,P01,2,500,330,0.0
O01038,2024-11-20,C030,P13,2,3200,2080,0.0
O01041,2024-11-20,C008,P02,1,2800,1850,0.0
O01102,2024-11-20,C015,P08,2,900,520,0.0
O01865,2024-11-20,C011,P08,2,900,520,0.0
O02361,2024-11-20,C014,P02,3,2800,1850,0.0
O00166,2024-11-21,C031,P03,3,1200,760,0.1
O00974,2024-11-21,C010,P05,2,3500,2300,0.1
O01056,2024-11-21,C017,P04,2,1600,1040,0.05
O01332,2024-11-21,C040,P02,1,2800,1850,0.0
O02269,2024-11-21,C024,P06,2,2400,1560,0.1
O00035,2024-11-22,C007,P01,8,500,330,0.0
O00568,2024-11-22,C003,P01,2,500,330,0.0
O00617,2024-11-22,C010,P07,3,4200,2900,0.0
O02093,2024-11-22,C037,P02,6,2800,1850,0.1
O02204,2024-11-22,C027,P06,6,2400,1560,0.0
O02741,2024-11-22,C035,P04,1,1600,1040,0.0
O02853,2024-11-22,C019,P03,2,1200,760,0.05
O01339,2024-11-23,C039,P05,1,3500,2300,0.0
O01491,2024-11-23,C015,P04,4,1600,1040,0.0
O02146,2024-11-23,C005,P05,1,3500,2300,0.05
O02609,2024-11-23,C001,P04,1,1600,1040,0.05
O02688,2024-11-23,C009,P03,6,1200,760,0.0
O00867,2024-11-24,C039,P08,6,900,520,0.1
O00987,2024-11-24,C034,P08,1,900,520,0.05
O01255,2024-11-24,C002,P03,2,1200,760,0.0
O01725,2024-11-24,C009,P07,1,4200,2900,0.1
O02647,2024-11-24,C030,P01,2,500,330,0.0
O00167,2024-11-25,C016,P11,2,4500,3150,0.1
O00261,2024-11-25,C011,P04,1,1600,1040,0.0
O00262,2024-11-25,C009,P03,1,1200,760,0.05
O00334,2024-11-25,C002,P05,3,3500,2300,0.0
O00358,2024-11-25,C026,P10,1,1800,1080,0.0
O01009,2024-11-25,C034,P08,5,900,520,0.0
O01105,2024-11-25,C005,P01,5,500,330,0.0
O01535,2024-11-25,C005,P06,4,2400,1560,0.1
O02228,2024-11-25,C010,P06,1,2400,1560,0.05
O00910,2024-11-26,C010,P01,2,500,330,0.0
O00187,2024-11-27,C030,P09,5,2200,1430,0.0
O00366,2024-11-27,C035,P10,1,1800,1080,0.0
O01067,2024-11-27,C028,P11,1,4500,3150,0.0
O01416,2024-11-27,C024,P03,3,1200,760,0.05
O02075,2024-11-27,C003,P13,4,3200,2080,0.05
O02317,2024-11-27,C022,P06,6,2400,1560,0.0
O02926,2024-11-27,C039,P02,1,2800,1850,0.0
O02997,2024-11-27,C032,P03,2,1200,760,0.0
O00307,2024-11-28,C021,P01,10,500,330,0.0
O00858,2024-11-28,C010,P05,4,3500,2300,0.0
O01802,2024-11-28,C025,P04,8,1600,1040,0.0
O02027,2024-11-28,C003,P01,1,500,330,0.0
O02199,2024-11-28,C026,P08,2,900,520,0.0
O02999,2024-11-28,C011,P05,1,3500,2300,0.0
O00670,2024-11-29,C004,P09,3,2200,1430,0.05
O01793,2024-11-29,C011,P05,2,3500,2300,0.1
O02721,2024-11-29,C023,P08,8,900,520,0.0
O02154,2024-11-30,C036,P04,3,1600,1040,0.05
O02702,2024-11-30,C008,P03,2,1200,760,0.0
O02975,2024-11-30,C009,P03,2,1200,760,0.05
O00088,2024-12-01,C005,P05,1,3500,2300,0.0
O00314,2024-12-02,C037,P06,4,2400,1560,0.0
O01886,2024-12-02,C003,P12,1,8000,5600,0.1
O02745,2024-12-02,C035,P04,2,1600,1040,0.0
O02547,2024-12-03,C035,P06,1,2400,1560,0.05
O00002,2024-12-04,C017,P07,2,4200,2900,0.0
O02472,2024-12-04,C015,P01,4,500,330,0.1
O00498,2024-12-05,C028,P09,4,2200,1430,0.0
O01321,2024-12-05,C035,P01,1,500,330,0.05
O02256,2024-12-05,C023,P08,5,900,520,0.05
O02359,2024-12-05,C026,P04,2,1600,1040,0.0
O02723,2024-12-05,C025,P06,1,2400,1560,0.0
O02913,2024-12-05,C010,P03,5,1200,760,0.05
O00582,2024-12-06,C002,P01,3,500,330,0.0
O00658,2024-12-06,C031,P06,3,2400,1560,0.0
O01346,2024-12-06,C027,P03,1,1200,760,0.0
O01440,2024-12-06,C027,P04,4,1600,1040,0.0
O01468,2024-12-06,C032,P08,1,900,520,0.1
O02409,2024-12-06,C036,P11,2,4500,3150,0.0
O02790,2024-12-06,C037,P06,1,2400,1560,0.05
O02827,2024-12-06,C026,P03,10,1200,760,0.0
O00717,2024-12-07,C012,P11,4,4500,3150,0.0
O01799,2024-12-07,C009,P06,1,2400,1560,0.05
O00091,2024-12-08,C040,P08,1,900,520,0.05
O01188,2024-12-08,C037,P10,1,1800,1080,0.05
O01481,2024-12-08,C040,P08,3,900,520,0.0
O01768,2024-12-08,C037,P08,1,900,520,0.0
O02301,2024-12-08,C035,P01,2,500,330,0.05
O02343,2024-12-08,C039,P01,1,500,330,0.0
O00683,2024-12-09,C022,P04,3,1600,1040,0.0
O02284,2024-12-09,C009,P05,2,3500,2300,0.0
O02548,2024-12-09,C001,P04,2,1600,1040,0.0
O02589,2024-12-09,C007,P03,1,1200,760,0.0
O02663,2024-12-09,C003,P10,5,1800,1080,0.0
O00464,2024-12-10,C016,P03,4,1200,760,0.0
O01595,2024-12-10,C020,P05,3,3500,2300,0.0
O01665,2024-12-10,C039,P08,2,900,520,0.0
O02045,2024-12-10,C002,P13,5,3200,2080,0.0
O02516,2024-12-10,C006,P01,3,500,330,0.05
O00138,2024-12-11,C007,P06,3,2400,1560,0.05
O00202,2024-12-11,C023,P01,6,500,330,0.0
O00457,2024-12-11,C001,P03,2,1200,760,0.0
O00599,2024-12-11,C035,P06,1,2400,1560,0.0
O02015,2024-12-11,C030,P02,1,2800,1850,0.05
O02771,2024-12-11,C037,P11,2,4500,3150,0.0
O00189,2024-12-12,C026,P11,1,4500,3150,0.0
O00300,2024-12-12,C026,P01,2,500,330,0.05
O00605,2024-12-12,C033,P09,1,2200,1430,0.1
O00950,2024-12-12,C031,P11,2,4500,3150,0.1
O01452,2024-12-12,C022,P01,1,500,330,0.0
O02596,2024-12-12,C029,P01,1,500,330,0.0
O02900,2024-12-12,C027,P11,2,4500,3150,0.05
O02936,2024-12-12,C024,P08,1,900,520,0.0
O00242,2024-12-13,C011,P09,1,2200,1430,0.0
O00648,2024-12-13,C032,P09,8,2200,1430,0.0
O01349,2024-12-13,C028,P13,4,3200,2080,0.0
O01592,2024-12-13,C033,P03,5,1200,760,0.0
O02770,2024-12-13,C017,P01,1,500,330,0.0
O01121,2024-12-14,C025,P04,1,1600,1040,0.0
O01199,2024-12-14,C023,P03,3,1200,760,0.05
O02225,2024-12-14,C040,P10,2,1800,1080,0.05
O02518,2024-12-14,C035,P04,3,1600,1040,0.0
O00497,2024-12-15,C010,P01,10,500,330,0.0
O00536,2024-12-15,C032,P11,2,4500,3150,0.0
O00850,2024-12-15,C040,P11,2,4500,3150,0.1
O01074,2024-12-15,C035,P03,1,1200,760,0.05
O01118,2024-12-15,C011,P06,1,2400,1560,0.05
O01292,2024-12-15,C032,P06,3,2400,1560,0.0
O02058,2024-12-15,C007,P06,1,2400,1560,0.05
O02137,2024-12-15,C019,P01,2,500,330,0.0
O00222,2024-12-16,C032,P09,3,2200,1430,0.0
O00767,2024-12-16,C038,P07,1,4200,2900,0.0
O00803,2024-12-16,C006,P08,1,900,520,0.0
O01075,2024-12-16,C014,P11,2,4500,3150,0.0
O01230,2024-12-16,C018,P08,1,900,520,0.1
O01263,2024-12-16,C023,P05,4,3500,2300,0.0
O01362,2024-12-16,C038,P10,5,1800,1080,0.0
O01891,2024-12-16,C013,P08,2,900,520,0.05
O01717,2024-12-17,C030,P09,1,2200,1430,0.0
O02636,2024-12-17,C016,P04,5,1600,1040,0.0
O00380,2024-12-18,C009,P08,4,900,520,0.0
O01856,2024-12-18,C029,P01,8,500,330,0.05
O02233,2024-12-18,C010,P13,2,3200,2080,0.0
O02543,2024-12-18,C038,P05,2,3500,2300,0.0
O01278,2024-12-19,C020,P08,5,900,520,0.0
O01731,2024-12-19,C035,P12,4,8000,5600,0.0
O02149,2024-12-19,C006,P08,2,900,520,0.0
O02442,2024-12-19,C006,P04,1,1600,1040,0.0
O01935,2024-12-20,C006,P03,1,1200,760,0.1
O00672,2024-12-21,C013,P09,1,2200,1430,0.0
O00834,2024-12-21,C038,P08,3,900,520,0.1
O02887,2024-12-21,C013,P01,10,500,330,0.05
O00267,2024-12-22,C032,P11,1,4500,3150,0.0
O00716,2024-12-22,C007,P12,3,8000,5600,0.05
O01434,2024-12-22,C020,P08,8,900,520,0.0
O01542,2024-12-22,C032,P10,4,1800,1080,0.1
O02205,2024-12-22,C036,P03,2,1200,760,0.0
O02592,2024-12-22,C027,P10,8,1800,1080,0.0
O00746,2024-12-23,C026,P02,1,2800,1850,0.0
O01156,2024-12-23,C039,P03,3,1200,760,0.0
O02798,2024-12-23,C004,P10,2,1800,1080,0.0
O02895,2024-12-23,C005,P12,6,8000,5600,0.0
O02271,2024-12-24,C014,P08,8,900,520,0.05
O02276,2024-12-24,C033,P05,2,3500,2300,0.0
O02502,2024-12-24,C005,P10,4,1800,1080,0.05
O02867,2024-12-24,C008,P03,2,1200,760,0.05
O02932,2024-12-24,C027,P02,2,2800,1850,0.0
O01275,2024-12-25,C027,P13,2,3200,2080,0.0
O01816,2024-12-25,C029,P07,1,4200,2900,0.05
O01920,2024-12-25,C010,P05,2,3500,2300,0.0
O02397,2024-12-25,C020,P01,1,500,330,0.0
O00318,2024-12-26,C005,P03,2,1200,760,0.0
O00324,2024-12-26,C029,P01,2,500,330,0.0
O01077,2024-12-26,C020,P12,2,8000,5600,0.0
O01803,2024-12-26,C014,P09,2,2200,1430,0.05
O00686,2024-12-27,C003,P03,2,1200,760,0.0
O01897,2024-12-27,C025,P04,5,1600,1040,0.0
O02414,2024-12-27,C039,P05,2,3500,2300,0.05
O02515,2024-12-27,C017,P13,2,3200,2080,0.0
O02584,2024-12-27,C036,P01,2,500,330,0.0
O02675,2024-12-27,C027,P04,2,1600,1040,0.0
O00437,2024-12-28,C013,P08,2,900,520,0.0
O01345,2024-12-28,C005,P01,6,500,330,0.0
O01944,2024-12-28,C004,P01,5,500,330,0.05
O02302,2024-12-28,C003,P08,2,900,520,0.05
O02729,2024-12-28,C014,P08,5,900,520,0.0
O00560,2024-12-29,C015,P04,6,1600,1040,0.05
O00237,2024-12-30,C003,P08,5,900,520,0.0
O00386,2024-12-30,C026,P05,1,3500,2300,0.0
O00640,2024-12-30,C021,P09,2,2200,1430,0.1
O01744,2024-12-30,C011,P02,4,2800,1850,0.0
O02682,2024-12-30,C022,P08,1,900,520,0.1
O00199,2024-12-31,C006,P02,10,2800,1850,0.0
O00491,2024-12-31,C015,P04,6,1600,1040,0.0
O00731,2024-12-31,C027,P01,5,500,330,0.0
O01800,2024-12-31,C023,P08,4,900,520,0.0
O01908,2024-12-31,C004,P11,4,4500,3150,0.0
O02377,2024-12-31,C031,P08,5,900,520,0.0
O01978,2025-01-01,C009,P13,2,3200,2080,0.05
O01134,2025-01-02,C020,P08,4,900,520,0.0
O02084,2025-01-02,C025,P08,2,900,520,0.05
O00240,2025-01-03,C035,P06,4,2400,1560,0.0
O00779,2025-01-03,C017,P03,1,1200,760,0.05
O01294,2025-01-03,C003,P11,1,4500,3150,0.0
O01528,2025-01-03,C038,P12,3,8000,5600,0.1
O02168,2025-01-03,C013,P10,2,1800,1080,0.0
O02297,2025-01-03,C020,P08,4,900,520,0.0
O02976,2025-01-03,C004,P05,2,3500,2300,0.05
O01194,2025-01-04,C036,P02,2,2800,1850,0.0
O01749,2025-01-04,C008,P01,4,500,330,0.0
O02007,2025-01-04,C021,P11,2,4500,3150,0.0
O02322,2025-01-04,C031,P08,4,900,520,0.05
O00733,2025-01-05,C036,P01,2,500,330,0.0
O00870,2025-01-05,C009,P11,2,4500,3150,0.0
O00977,2025-01-05,C002,P01,4,500,330,0.05
O01012,2025-01-05,C035,P02,2,2800,1850,0.0
O02206,2025-01-05,C026,P03,5,1200,760,0.0
O00909,2025-01-06,C010,P01,1,500,330,0.05
O02059,2025-01-06,C013,P01,2,500,330,0.0
O02681,2025-01-06,C040,P01,5,500,330,0.0
O02683,2025-01-06,C032,P01,1,500,330,0.0
O02746,2025-01-06,C010,P05,1,3500,2300,0.0
O00375,2025-01-07,C027,P11,5,4500,3150,0.0
O01906,2025-01-07,C030,P04,10,1600,1040,0.0
O02400,2025-01-07,C004,P01,1,500,330,0.0
O00805,2025-01-08,C008,P05,3,3500,2300,0.0
O01462,2025-01-08,C026,P13,1,3200,2080,0.0
O02456,2025-01-08,C008,P11,10,4500,3150,0.0
O02653,2025-01-08,C023,P07,1,4200,2900,0.1
O00049,2025-01-09,C031,P08,4,900,520,0.0
O00269,2025-01-09,C035,P04,2,1600,1040,0.0
O00690,2025-01-09,C036,P03,3,1200,760,0.0
O01684,2025-01-09,C039,P06,1,2400,1560,0.05
O02267,2025-01-09,C025,P03,3,1200,760,0.05
O02780,2025-01-09,C017,P08,4,900,520,0.0
O01562,2025-01-10,C009,P05,1,3500,2300,0.0
O02717,2025-01-11,C033,P06,2,2400,1560,0.05
O01910,2025-01-12,C028,P02,2,2800,1850,0.0
O00410,2025-01-14,C012,P08,2,900,520,0.0
O00790,2025-01-14,C011,P07,5,4200,2900,0.0
O01262,2025-01-14,C040,P10,1,1800,1080,0.05
O02201,2025-01-14,C004,P01,1,500,330,0.0
O01853,2025-01-15,C012,P01,1,500,330,0.0
O02471,2025-01-15,C009,P07,1,4200,2900,0.0
O01403,2025-01-16,C025,P01,2,500,330,0.0
O02694,2025-01-16,C023,P06,1,2400,1560,0.0
O00704,2025-01-17,C001,P08,8,900,520,0.0
O00772,2025-01-17,C007,P08,1,900,520,0.0
O00949,2025-01-17,C032,P02,3,2800,1850,0.0
O00966,2025-01-17,C039,P11,1,4500,3150,0.0
O01703,2025-01-17,C027,P02,2,2800,1850,0.0
O01804,2025-01-17,C033,P03,1,1200,760,0.05
O02280,2025-01-17,C005,P09,4,2200,1430,0.0
O02945,2025-01-17,C022,P09,1,2200,1430,0.1
O02367,2025-01-18,C023,P06,8,2400,1560,0.0
O00246,2025-01-19,C026,P09,3,2200,1430,0.0
O01667,2025-01-19,C004,P01,2,500,330,0.0
O01828,2025-01-19,C024,P08,5,900,520,0.0
O01308,2025-01-20,C003,P10,2,1800,1080,0.1
O02268,2025-01-20,C009,P06,4,2400,1560,0.1
O02784,2025-01-20,C002,P11,2,4500,3150,0.05
O00689,2025-01-21,C028,P06,1,2400,1560,0.1
O00492,2025-01-22,C011,P01,2,500,330,0.0
O00695,2025-01-22,C008,P10,1,1800,1080,0.0
O00836,2025-01-22,C009,P09,1,2200,1430,0.0
O01694,2025-01-22,C016,P01,3,500,330,0.0
O01819,2025-01-22,C039,P06,1,2400,1560,0.0
O00460,2025-01-23,C031,P01,1,500,330,0.0
O01082,2025-01-23,C034,P11,2,4500,3150,0.1
O01233,2025-01-23,C028,P10,5,1800,1080,0.0
O00882,2025-01-24,C034,P03,2,1200,760,0.05
O02523,2025-01-24,C019,P01,1,500,330,0.0
O00097,2025-01-25,C034,P06,2,2400,1560,0.05
O01424,2025-01-25,C040,P09,2,2200,1430,0.05
O02364,2025-01-25,C017,P03,1,1200,760,0.05
O02989,2025-01-25,C024,P10,4,1800,1080,0.0
O00045,2025-01-26,C021,P01,8,500,330,0.0
O00075,2025-01-26,C020,P06,10,2400,1560,0.0
O00263,2025-01-26,C033,P11,2,4500,3150,0.0
O00774,2025-01-26,C012,P08,1,900,520,0.0
O01839,2025-01-26,C014,P03,1,1200,760,0.0
O02838,2025-01-26,C012,P01,1,500,330,0.0
O01152,2025-01-27,C032,P08,2,900,520,0.05
O01979,2025-01-27,C003,P01,2,500,330,0.0
O02460,2025-01-27,C009,P13,1,3200,2080,0.0
O02525,2025-01-28,C033,P02,2,2800,1850,0.0
O00236,2025-01-29,C022,P05,3,3500,2300,0.1
O01400,2025-01-29,C037,P10,5,1800,1080,0.0
O01619,2025-01-29,C012,P08,4,900,520,0.0
O02298,2025-01-29,C008,P01,1,500,330,0.0
O02616,2025-01-29,C029,P08,5,900,520,0.05
O02652,2025-01-29,C034,P06,10,2400,1560,0.1
O00125,2025-01-30,C039,P11,1,4500,3150,0.0
O01378,2025-01-30,C024,P01,2,500,330,0.0
O01759,2025-01-30,C033,P11,2,4500,3150,0.0
O02105,2025-01-30,C030,P03,1,1200,760,0.0
O00853,2025-01-31,C023,P02,5,2800,1850,0.0
O01409,2025-01-31,C037,P12,1,8000,5600,0.05
O02425,2025-01-31,C006,P05,6,3500,2300,0.0
O02764,2025-01-31,C016,P01,4,500,330,0.0
O02982,2025-01-31,C028,P01,1,500,330,0.05
O00552,2025-02-01,C022,P03,3,1200,760,0.0
O00929,2025-02-01,C037,P04,1,1600,1040,0.0
O01733,2025-02-01,C036,P04,8,1600,1040,0.0
O02289,2025-02-02,C025,P05,1,3500,2300,0.0
O00082,2025-02-03,C001,P06,5,2400,1560,0.0
O01821,2025-02-03,C019,P08,3,900,520,0.0
O01054,2025-02-04,C038,P02,2,2800,1850,0.0
O02083,2025-02-04,C022,P04,1,1600,1040,0.05
O00729,2025-02-05,C021,P07,3,4200,2900,0.0
O02247,2025-02-05,C039,P03,1,1200,760,0.0
O02262,2025-02-05,C037,P04,1,1600,1040,0.0
O00626,2025-02-06,C022,P10,1,1800,1080,0.0
O00168,2025-02-07,C034,P04,1,1600,1040,0.05
O00810,2025-02-07,C003,P08,6,900,520,0.0
O01588,2025-02-07,C032,P04,2,1600,1040,0.0
O02825,2025-02-07,C029,P03,2,1200,760,0.0
O00804,2025-02-08,C005,P03,1,1200,760,0.0
O02544,2025-02-08,C020,P05,1,3500,2300,0.0
O02612,2025-02-09,C023,P04,1,1600,1040,0.0
O02623,2025-02-09,C008,P05,3,3500,2300,0.0
O02993,2025-02-10,C004,P10,5,1800,1080,0.0
O00684,2025-02-11,C018,P04,3,1600,1040,0.0
O01780,2025-02-11,C030,P07,1,4200,2900,0.0
O00058,2025-02-12,C020,P11,3,4500,3150,0.0
O02245,2025-02-12,C004,P08,2,900,520,0.0
O02611,2025-02-12,C031,P06,2,2400,1560,0.0
O02773,2025-02-12,C003,P04,1,1600,1040,0.1
O00092,2025-02-13,C019,P10,3,1800,1080,0.0
O00345,2025-02-13,C033,P10,5,1800,1080,0.0
O02186,2025-02-13,C003,P10,1,1800,1080,0.05
O00494,2025-02-14,C036,P07,2,4200,2900,0.05
O01251,2025-02-14,C020,P08,8,900,520,0.05
O01282,2025-02-14,C003,P01,1,500,330,0.05
O01371,2025-02-14,C005,P01,3,500,330,0.0
O02498,2025-02-14,C010,P09,2,2200,1430,0.05
O00480,2025-02-15,C026,P09,1,2200,1430,0.0
O01132,2025-02-15,C025,P05,1,3500,2300,0.0
O02496,2025-02-15,C012,P03,2,1200,760,0.05
O02545,2025-02-15,C002,P06,10,2400,1560,0.05
O01043,2025-02-16,C038,P11,1,4500,3150,0.05
O01577,2025-02-16,C004,P10,1,1800,1080,0.05
O02031,2025-02-16,C029,P01,2,500,330,0.0
O02047,2025-02-16,C021,P06,2,2400,1560,0.0
O00539,2025-02-17,C005,P06,3,2400,1560,0.1
O01069,2025-02-17,C032,P03,1,1200,760,0.1
O01072,2025-02-17,C009,P09,1,2200,1430,0.05
O01739,2025-02-17,C031,P03,2,1200,760,0.0
O01165,2025-02-18,C022,P10,1,1800,1080,0.0
O02973,2025-02-18,C026,P11,3,4500,3150,0.0
O02998,2025-02-18,C040,P13,1,3200,2080,0.0
O00413,2025-02-19,C034,P03,1,1200,760,0.0
O01466,2025-02-19,C030,P06,8,2400,1560,0.0
O02574,2025-02-19,C018,P03,8,1200,760,0.0
O00391,2025-02-20,C034,P12,1,8000,5600,0.05
O02703,2025-02-20,C025,P08,1,900,520,0.0
O00777,2025-02-21,C015,P01,8,500,330,0.0
O00797,2025-02-21,C029,P12,1,8000,5600,0.0
O01826,2025-02-21,C040,P09,2,2200,1430,0.0
O01674,2025-02-22,C005,P08,6,900,520,0.0
O00662,2025-02-23,C009,P04,2,1600,1040,0.05
O02504,2025-02-23,C005,P01,8,500,330,0.0
O02977,2025-02-23,C002,P06,1,2400,1560,0.0
O00506,2025-02-24,C015,P02,4,2800,1850,0.0
O00647,2025-02-24,C024,P07,1,4200,2900,0.0
O01843,2025-02-26,C036,P08,4,900,520,0.05
O02198,2025-02-26,C039,P04,3,1600,1040,0.05
O02012,2025-02-27,C011,P10,6,1800,1080,0.0
O02708,2025-02-27,C006,P08,2,900,520,0.0
O00470,2025-02-28,C013,P08,4,900,520,0.0
O01512,2025-02-28,C030,P06,10,2400,1560,0.0
O02243,2025-02-28,C018,P09,6,2200,1430,0.0
O02261,2025-02-28,C021,P03,1,1200,760,0.05
O00513,2025-03-02,C039,P01,4,500,330,0.0
O01293,2025-03-02,C004,P01,1,500,330,0.05
O02342,2025-03-02,C025,P08,2,900,520,0.05
O02843,2025-03-02,C032,P07,3,4200,2900,0.0
O01945,2025-03-03,C037,P06,6,2400,1560,0.0
O02602,2025-03-04,C035,P03,2,1200,760,0.1
O02673,2025-03-04,C010,P04,4,1600,1040,0.0
O02882,2025-03-04,C036,P08,4,900,520,0.0
O00296,2025-03-05,C033,P08,1,900,520,0.0
O01503,2025-03-05,C009,P01,10,500,330,0.0
O02116,2025-03-05,C026,P03,3,1200,760,0.0
O02237,2025-03-05,C026,P05,4,3500,2300,0.0
O00942,2025-03-06,C005,P09,2,2200,1430,0.05
O01033,2025-03-06,C029,P09,8,2200,1430,0.0
O02440,2025-03-06,C009,P13,2,3200,2080,0.0
O00184,2025-03-07,C006,P04,3,1600,1040,0.0
O00588,2025-03-07,C036,P04,2,1600,1040,0.0
O00641,2025-03-07,C014,P10,1,1800,1080,0.1
O01235,2025-03-07,C014,P03,1,1200,760,0.0
O01286,2025-03-07,C017,P08,1,900,520,0.0
O01429,2025-03-07,C040,P08,5,900,520,0.1
O02349,2025-03-07,C026,P13,8,3200,2080,0.0
O01926,2025-03-08,C006,P09,1,2200,1430,0.0
O00556,2025-03-09,C031,P05,2,3500,2300,0.0
O01303,2025-03-09,C009,P03,1,1200,760,0.0
O01680,2025-03-09,C016,P06,2,2400,1560,0.05
O02826,2025-03-09,C025,P11,2,4500,3150,0.0
O02878,2025-03-09,C006,P11,6,4500,3150,0.0
O00180,2025-03-10,C029,P08,1,900,520,0.05
O01404,2025-03-10,C030,P07,3,4200,2900,0.0
O01809,2025-03-10,C018,P05,1,3500,2300,0.0
O02352,2025-03-10,C007,P08,2,900,520,0.05
O00713,2025-03-11,C024,P05,4,3500,2300,0.0
O01742,2025-03-11,C040,P13,1,3200,2080,0.0
O02004,2025-03-11,C015,P03,2,1200,760,0.0
O02604,2025-03-11,C029,P01,2,500,330,0.05
O00089,2025-03-12,C035,P04,1,1600,1040,0.0
O00584,2025-03-12,C025,P08,3,900,520,0.0
O02182,2025-03-12,C029,P10,5,1800,1080,0.0
O02304,2025-03-12,C039,P08,1,900,520,0.0
O00649,2025-03-13,C010,P03,2,1200,760,0.0
O01334,2025-03-13,C026,P09,5,2200,1430,0.0
O01342,2025-03-13,C024,P10,2,1800,1080,0.0
O01973,2025-03-13,C006,P09,1,2200,1430,0.05
O00207,2025-03-14,C012,P06,1,2400,1560,0.0
O00888,2025-03-14,C008,P01,2,500,330,0.0
O01331,2025-03-14,C026,P09,1,2200,1430,0.0
O02197,2025-03-14,C029,P08,2,900,520,0.05
O00635,2025-03-15,C026,P03,1,1200,760,0.0
O00912,2025-03-15,C027,P06,2,2400,1560,0.0
O01801,2025-03-15,C037,P05,3,3500,2300,0.0
O02144,2025-03-15,C011,P02,8,2800,1850,0.0
O00174,2025-03-16,C001,P03,4,1200,760,0.0
O01726,2025-03-16,C010,P08,2,900,520,0.0
O00511,2025-03-17,C017,P11,3,4500,3150,0.0
O01437,2025-03-17,C017,P08,2,900,520,0.0
O01013,2025-03-18,C032,P09,1,2200,1430,0.0
O01934,2025-03-19,C015,P01,4,500,330,0.0
O02834,2025-03-19,C023,P05,4,3500,2300,0.05
O00095,2025-03-20,C040,P01,1,500,330,0.0
O00472,2025-03-20,C001,P02,8,2800,1850,0.0
O00625,2025-03-20,C012,P04,5,1600,1040,0.0
O02803,2025-03-20,C008,P04,1,1600,1040,0.0
O02991,2025-03-20,C022,P03,8,1200,760,0.05
O01627,2025-03-21,C002,P11,6,4500,3150,0.1
O02395,2025-03-21,C022,P03,1,1200,760,0.05
O01514,2025-03-22,C040,P05,2,3500,2300,0.0
O01797,2025-03-23,C037,P09,10,2200,1430,0.0
O02213,2025-03-23,C037,P04,8,1600,1040,0.0
O00325,2025-03-24,C033,P11,1,4500,3150,0.0
O02323,2025-03-24,C037,P10,8,1800,1080,0.05
O02416,2025-03-24,C002,P06,2,2400,1560,0.1
O02732,2025-03-24,C037,P13,2,3200,2080,0.0
O01227,2025-03-26,C009,P10,1,1800,1080,0.0
O01358,2025-03-27,C025,P10,5,1800,1080,0.0
O01585,2025-03-27,C005,P03,1,1200,760,0.0
O02423,2025-03-27,C007,P05,5,3500,2300,0.0
O00682,2025-03-28,C036,P01,3,500,330,0.0
O02140,2025-03-28,C006,P09,3,2200,1430,0.0
O02670,2025-03-28,C025,P01,8,500,330,0.05
O00359,2025-03-29,C007,P10,2,1800,1080,0.0
O01099,2025-03-29,C028,P09,2,2200,1430,0.0
O01189,2025-03-29,C033,P01,1,500,330,0.0
O01590,2025-03-29,C016,P11,1,4500,3150,0.0
O02463,2025-03-29,C029,P05,2,3500,2300,0.0
O02555,2025-03-29,C004,P01,1,500,330,0.0
O00084,2025-03-30,C036,P07,2,4200,2900,0.0
O00340,2025-03-30,C028,P13,4,3200,2080,0.0
O00751,2025-03-30,C019,P06,4,2400,1560,0.0
O01213,2025-03-30,C019,P08,6,900,520,0.0
O01545,2025-03-30,C016,P09,8,2200,1430,0.0
O02134,2025-03-30,C022,P08,4,900,520,0.05
O02303,2025-03-30,C018,P02,2,2800,1850,0.0
O02832,2025-03-30,C038,P06,3,2400,1560,0.0
O00299,2025-03-31,C036,P11,3,4500,3150,0.05
O00970,2025-03-31,C026,P06,8,2400,1560,0.0
O01257,2025-03-31,C030,P04,4,1600,1040,0.0
O01567,2025-03-31,C004,P01,3,500,330,0.0
O01949,2025-03-31,C024,P05,2,3500,2300,0.0
